Seat L1,Seat L2,Seat L3,Seat L4,sum
229.0,435.0,422.0,169.0,1255.0
229.0,435.0,422.0,169.0,1255.0
229.0,435.0,422.0,169.0,1255.0
229.0,435.0,422.0,169.0,1255.0
229.0,435.0,422.0,169.0,1255.0
229.0,435.0,422.0,169.0,1255.0
229.0,435.0,422.0,169.0,1255.0
229.0,435.0,422.0,169.0,1255.0
229.0,435.0,422.0,169.0,1255.0
229.0,435.0,422.0,169.0,1255.0
229.0,435.0,422.0,169.0,1255.0
229.0,435.0,422.0,169.0,1255.0
229.0,435.0,422.0,169.0,1255.0
229.0,435.0,422.0,169.0,1255.0
229.0,435.0,422.0,169.0,1255.0
229.0,435.0,422.0,169.0,1255.0
229.0,435.0,422.0,169.0,1255.0
229.0,435.0,422.0,169.0,1255.0
229.0,435.0,422.0,169.0,1255.0
229.0,435.0,422.0,169.0,1255.0
229.0,435.0,422.0,169.0,1255.0
229.0,435.0,422.0,169.0,1255.0
229.0,435.0,422.0,169.0,1255.0
229.0,435.0,422.0,169.0,1255.0
229.0,435.0,422.0,169.0,1255.0
229.0,435.0,422.0,169.0,1255.0
229.0,435.0,422.0,169.0,1255.0
229.0,435.0,422.0,169.0,1255.0
229.0,435.0,422.0,169.0,1255.0
229.0,435.0,422.0,169.0,1255.0
229.0,435.0,422.0,169.0,1255.0
229.0,435.0,422.0,169.0,1255.0
229.0,435.0,422.0,169.0,1255.0
229.0,435.0,422.0,169.0,1255.0
229.0,435.0,422.0,169.0,1255.0
229.0,435.0,422.0,169.0,1255.0
229.0,435.0,422.0,169.0,1255.0
229.0,435.0,422.0,169.0,1255.0
229.0,435.0,422.0,169.0,1255.0
229.0,435.0,422.0,169.0,1255.0
229.0,435.0,422.0,169.0,1255.0
229.0,435.0,422.0,169.0,1255.0
229.0,434.0,422.0,169.0,1254.0
229.0,434.0,422.0,169.0,1254.0
229.0,434.0,422.0,169.0,1254.0
229.0,434.0,422.0,169.0,1254.0
229.0,434.0,422.0,169.0,1254.0
229.0,434.0,422.0,169.0,1254.0
229.0,434.0,422.0,169.0,1254.0
229.0,434.0,422.0,169.0,1254.0
229.0,434.0,422.0,169.0,1254.0
229.0,434.0,422.0,169.0,1254.0
229.0,434.0,422.0,169.0,1254.0
229.0,434.0,422.0,169.0,1254.0
229.0,434.0,422.0,169.0,1254.0
229.0,434.0,422.0,169.0,1254.0
229.0,434.0,422.0,169.0,1254.0
229.0,434.0,422.0,169.0,1254.0
229.0,434.0,422.0,169.0,1254.0
229.0,434.0,422.0,169.0,1254.0
229.0,434.0,422.0,169.0,1254.0
229.0,434.0,422.0,169.0,1254.0
229.0,434.0,422.0,169.0,1254.0
229.0,434.0,422.0,169.0,1254.0
229.0,434.0,422.0,169.0,1254.0
229.0,434.0,422.0,169.0,1254.0
229.0,434.0,422.0,169.0,1254.0
229.0,434.0,422.0,169.0,1254.0
229.0,434.0,422.0,169.0,1254.0
229.0,434.0,422.0,169.0,1254.0
229.0,434.0,422.0,169.0,1254.0
229.0,434.0,422.0,169.0,1254.0
229.0,434.0,422.0,169.0,1254.0
229.0,434.0,422.0,169.0,1254.0
229.0,434.0,422.0,169.0,1254.0
229.0,434.0,422.0,169.0,1254.0
229.0,434.0,422.0,169.0,1254.0
229.0,434.0,422.0,169.0,1254.0
229.0,434.0,422.0,169.0,1254.0
229.0,434.0,422.0,169.0,1254.0
229.0,434.0,422.0,169.0,1254.0
229.0,434.0,422.0,169.0,1254.0
229.0,434.0,422.0,169.0,1254.0
229.0,434.0,422.0,169.0,1254.0
229.0,434.0,422.0,169.0,1254.0
229.0,434.0,422.0,169.0,1254.0
229.0,434.0,422.0,169.0,1254.0
229.0,434.0,422.0,169.0,1254.0
229.0,434.0,422.0,169.0,1254.0
229.0,434.0,422.0,169.0,1254.0
229.0,434.0,422.0,169.0,1254.0
229.0,434.0,422.0,169.0,1254.0
229.0,434.0,422.0,169.0,1254.0
229.0,434.0,422.0,169.0,1254.0
229.0,434.0,422.0,169.0,1254.0
229.0,434.0,422.0,169.0,1254.0
229.0,434.0,422.0,169.0,1254.0
229.0,434.0,422.0,169.0,1254.0
229.0,434.0,422.0,169.0,1254.0
229.0,434.0,422.0,169.0,1254.0
229.0,434.0,422.0,169.0,1254.0
229.0,434.0,422.0,169.0,1254.0
229.0,434.0,422.0,169.0,1254.0
229.0,434.0,422.0,169.0,1254.0
229.0,434.0,422.0,169.0,1254.0
229.0,434.0,422.0,169.0,1254.0
229.0,434.0,422.0,169.0,1254.0
229.0,434.0,422.0,169.0,1254.0
229.0,434.0,422.0,169.0,1254.0
229.0,434.0,422.0,169.0,1254.0
229.0,434.0,422.0,169.0,1254.0
229.0,434.0,422.0,169.0,1254.0
229.0,434.0,422.0,169.0,1254.0
229.0,434.0,422.0,169.0,1254.0
229.0,434.0,422.0,169.0,1254.0
229.0,434.0,422.0,169.0,1254.0
229.0,434.0,422.0,169.0,1254.0
229.0,434.0,422.0,169.0,1254.0
229.0,434.0,422.0,169.0,1254.0
229.0,434.0,422.0,169.0,1254.0
229.0,434.0,422.0,169.0,1254.0
229.0,434.0,422.0,169.0,1254.0
229.0,434.0,422.0,169.0,1254.0
229.0,434.0,422.0,169.0,1254.0
229.0,434.0,422.0,169.0,1254.0
229.0,434.0,422.0,169.0,1254.0
229.0,434.0,422.0,169.0,1254.0
230.0,434.0,422.0,169.0,1255.0
230.0,434.0,422.0,169.0,1255.0
230.0,434.0,422.0,169.0,1255.0
230.0,434.0,422.0,169.0,1255.0
230.0,434.0,422.0,169.0,1255.0
230.0,434.0,422.0,169.0,1255.0
230.0,434.0,422.0,169.0,1255.0
229.0,434.0,422.0,169.0,1254.0
229.0,434.0,422.0,169.0,1254.0
229.0,434.0,422.0,169.0,1254.0
229.0,434.0,422.0,169.0,1254.0
229.0,434.0,422.0,169.0,1254.0
229.0,434.0,422.0,169.0,1254.0
229.0,434.0,422.0,169.0,1254.0
229.0,434.0,422.0,169.0,1254.0
229.0,434.0,422.0,169.0,1254.0
229.0,434.0,422.0,169.0,1254.0
229.0,434.0,422.0,169.0,1254.0
229.0,434.0,422.0,169.0,1254.0
229.0,434.0,422.0,169.0,1254.0
229.0,434.0,422.0,169.0,1254.0
229.0,434.0,422.0,169.0,1254.0
229.0,434.0,422.0,169.0,1254.0
229.0,434.0,422.0,169.0,1254.0
229.0,434.0,422.0,169.0,1254.0
229.0,434.0,422.0,169.0,1254.0
229.0,434.0,422.0,169.0,1254.0
229.0,434.0,422.0,169.0,1254.0
229.0,434.0,422.0,169.0,1254.0
229.0,434.0,422.0,169.0,1254.0
229.0,434.0,422.0,169.0,1254.0
229.0,434.0,422.0,169.0,1254.0
229.0,434.0,422.0,169.0,1254.0
229.0,434.0,422.0,169.0,1254.0
229.0,434.0,422.0,169.0,1254.0
229.0,434.0,422.0,169.0,1254.0
229.0,434.0,422.0,169.0,1254.0
229.0,434.0,422.0,169.0,1254.0
229.0,434.0,422.0,169.0,1254.0
229.0,434.0,422.0,169.0,1254.0
229.0,434.0,422.0,169.0,1254.0
229.0,434.0,422.0,169.0,1254.0
229.0,434.0,422.0,169.0,1254.0
229.0,434.0,422.0,169.0,1254.0
229.0,434.0,422.0,169.0,1254.0
229.0,434.0,422.0,169.0,1254.0
229.0,434.0,422.0,169.0,1254.0
229.0,434.0,422.0,169.0,1254.0
229.0,434.0,422.0,169.0,1254.0
229.0,434.0,422.0,169.0,1254.0
229.0,434.0,422.0,169.0,1254.0
229.0,434.0,422.0,169.0,1254.0
229.0,434.0,422.0,169.0,1254.0
229.0,434.0,422.0,169.0,1254.0
229.0,434.0,422.0,169.0,1254.0
229.0,434.0,422.0,169.0,1254.0
229.0,434.0,422.0,169.0,1254.0
229.0,434.0,422.0,169.0,1254.0
229.0,434.0,422.0,169.0,1254.0
229.0,434.0,422.0,169.0,1254.0
229.0,434.0,422.0,169.0,1254.0
229.0,434.0,422.0,169.0,1254.0
229.0,434.0,422.0,169.0,1254.0
229.0,434.0,422.0,169.0,1254.0
229.0,434.0,422.0,169.0,1254.0
229.0,434.0,422.0,169.0,1254.0
229.0,434.0,422.0,169.0,1254.0
229.0,434.0,422.0,169.0,1254.0
229.0,434.0,422.0,169.0,1254.0
229.0,434.0,422.0,169.0,1254.0
229.0,434.0,422.0,169.0,1254.0
229.0,434.0,422.0,169.0,1254.0
229.0,434.0,422.0,169.0,1254.0
229.0,434.0,422.0,169.0,1254.0
229.0,434.0,422.0,169.0,1254.0
229.0,434.0,422.0,169.0,1254.0
229.0,434.0,422.0,169.0,1254.0
229.0,434.0,422.0,169.0,1254.0
229.0,434.0,422.0,169.0,1254.0
229.0,434.0,422.0,169.0,1254.0
229.0,434.0,422.0,169.0,1254.0
229.0,434.0,422.0,169.0,1254.0
229.0,434.0,422.0,169.0,1254.0
229.0,434.0,422.0,169.0,1254.0
229.0,434.0,422.0,169.0,1254.0
229.0,434.0,422.0,169.0,1254.0
229.0,434.0,422.0,169.0,1254.0
229.0,434.0,422.0,169.0,1254.0
229.0,434.0,422.0,169.0,1254.0
229.0,434.0,422.0,169.0,1254.0
229.0,434.0,422.0,169.0,1254.0
229.0,434.0,422.0,169.0,1254.0
229.0,434.0,422.0,169.0,1254.0
229.0,434.0,422.0,169.0,1254.0
229.0,434.0,422.0,169.0,1254.0
229.0,434.0,422.0,169.0,1254.0
229.0,434.0,422.0,169.0,1254.0
229.0,434.0,422.0,169.0,1254.0
229.0,434.0,422.0,169.0,1254.0
229.0,434.0,422.0,169.0,1254.0
229.0,434.0,422.0,169.0,1254.0
229.0,434.0,422.0,169.0,1254.0
229.0,434.0,422.0,169.0,1254.0
229.0,434.0,422.0,169.0,1254.0
229.0,434.0,422.0,169.0,1254.0
229.0,434.0,422.0,169.0,1254.0
229.0,434.0,422.0,169.0,1254.0
229.0,434.0,422.0,169.0,1254.0
229.0,434.0,422.0,169.0,1254.0
229.0,434.0,422.0,169.0,1254.0
229.0,434.0,422.0,169.0,1254.0
229.0,434.0,422.0,169.0,1254.0
229.0,434.0,422.0,169.0,1254.0
229.0,434.0,422.0,169.0,1254.0
229.0,434.0,422.0,169.0,1254.0
229.0,434.0,422.0,169.0,1254.0
229.0,434.0,422.0,169.0,1254.0
229.0,434.0,422.0,169.0,1254.0
229.0,434.0,422.0,169.0,1254.0
229.0,434.0,422.0,169.0,1254.0
229.0,434.0,422.0,169.0,1254.0
229.0,434.0,422.0,169.0,1254.0
229.0,434.0,422.0,169.0,1254.0
229.0,434.0,422.0,169.0,1254.0
229.0,434.0,422.0,169.0,1254.0
229.0,434.0,422.0,169.0,1254.0
229.0,434.0,422.0,169.0,1254.0
229.0,434.0,422.0,169.0,1254.0
229.0,434.0,422.0,169.0,1254.0
229.0,434.0,422.0,169.0,1254.0
229.0,434.0,422.0,169.0,1254.0
229.0,434.0,422.0,169.0,1254.0
229.0,434.0,422.0,169.0,1254.0
229.0,434.0,422.0,169.0,1254.0
229.0,434.0,422.0,169.0,1254.0
229.0,434.0,422.0,169.0,1254.0
229.0,434.0,422.0,169.0,1254.0
229.0,434.0,422.0,169.0,1254.0
229.0,434.0,422.0,169.0,1254.0
229.0,434.0,422.0,169.0,1254.0
229.0,434.0,422.0,169.0,1254.0
229.0,434.0,422.0,169.0,1254.0
229.0,434.0,422.0,169.0,1254.0
229.0,434.0,422.0,169.0,1254.0
229.0,434.0,422.0,169.0,1254.0
229.0,434.0,422.0,169.0,1254.0
229.0,434.0,422.0,169.0,1254.0
229.0,434.0,422.0,169.0,1254.0
229.0,434.0,422.0,169.0,1254.0
229.0,434.0,422.0,169.0,1254.0
229.0,434.0,422.0,169.0,1254.0
229.0,434.0,422.0,169.0,1254.0
229.0,434.0,422.0,169.0,1254.0
229.0,434.0,422.0,169.0,1254.0
229.0,434.0,422.0,169.0,1254.0
229.0,434.0,422.0,169.0,1254.0
229.0,434.0,422.0,169.0,1254.0
229.0,434.0,422.0,169.0,1254.0
229.0,434.0,422.0,169.0,1254.0
229.0,434.0,422.0,169.0,1254.0
229.0,434.0,422.0,169.0,1254.0
229.0,434.0,422.0,168.0,1253.0
229.0,434.0,422.0,168.0,1253.0
229.0,434.0,422.0,168.0,1253.0
229.0,434.0,422.0,168.0,1253.0
229.0,434.0,422.0,168.0,1253.0
229.0,434.0,422.0,168.0,1253.0
229.0,434.0,422.0,168.0,1253.0
229.0,434.0,422.0,168.0,1253.0
229.0,434.0,422.0,168.0,1253.0
229.0,434.0,422.0,168.0,1253.0
229.0,434.0,422.0,168.0,1253.0
229.0,434.0,422.0,168.0,1253.0
229.0,434.0,422.0,168.0,1253.0
229.0,434.0,422.0,168.0,1253.0
229.0,434.0,422.0,168.0,1253.0
229.0,434.0,422.0,168.0,1253.0
229.0,434.0,422.0,168.0,1253.0
229.0,434.0,422.0,168.0,1253.0
229.0,434.0,422.0,168.0,1253.0
229.0,434.0,422.0,168.0,1253.0
229.0,434.0,422.0,168.0,1253.0
229.0,434.0,422.0,168.0,1253.0
229.0,434.0,422.0,168.0,1253.0
229.0,434.0,422.0,168.0,1253.0
229.0,434.0,422.0,168.0,1253.0
229.0,434.0,422.0,168.0,1253.0
229.0,434.0,422.0,168.0,1253.0
229.0,434.0,422.0,168.0,1253.0
229.0,434.0,422.0,168.0,1253.0
229.0,434.0,422.0,168.0,1253.0
229.0,434.0,422.0,168.0,1253.0
229.0,434.0,422.0,168.0,1253.0
229.0,434.0,422.0,168.0,1253.0
229.0,434.0,422.0,168.0,1253.0
229.0,434.0,422.0,168.0,1253.0
229.0,434.0,422.0,168.0,1253.0
229.0,434.0,422.0,168.0,1253.0
229.0,434.0,422.0,168.0,1253.0
229.0,434.0,422.0,168.0,1253.0
229.0,434.0,422.0,168.0,1253.0
229.0,434.0,422.0,168.0,1253.0
229.0,434.0,422.0,168.0,1253.0
229.0,434.0,422.0,168.0,1253.0
229.0,434.0,422.0,168.0,1253.0
229.0,434.0,422.0,168.0,1253.0
229.0,434.0,422.0,168.0,1253.0
229.0,434.0,422.0,168.0,1253.0
229.0,434.0,422.0,168.0,1253.0
229.0,434.0,422.0,168.0,1253.0
229.0,434.0,422.0,168.0,1253.0
229.0,434.0,422.0,168.0,1253.0
229.0,434.0,422.0,168.0,1253.0
229.0,434.0,422.0,168.0,1253.0
229.0,434.0,422.0,168.0,1253.0
229.0,434.0,422.0,168.0,1253.0
229.0,434.0,422.0,168.0,1253.0
229.0,434.0,422.0,168.0,1253.0
229.0,434.0,422.0,168.0,1253.0
229.0,434.0,422.0,168.0,1253.0
229.0,434.0,422.0,168.0,1253.0
229.0,434.0,422.0,168.0,1253.0
229.0,434.0,422.0,168.0,1253.0
229.0,434.0,423.0,168.0,1254.0
229.0,434.0,423.0,168.0,1254.0
229.0,434.0,423.0,168.0,1254.0
229.0,434.0,423.0,168.0,1254.0
229.0,434.0,423.0,168.0,1254.0
229.0,434.0,423.0,168.0,1254.0
229.0,434.0,423.0,168.0,1254.0
229.0,434.0,423.0,168.0,1254.0
229.0,434.0,423.0,168.0,1254.0
229.0,434.0,423.0,168.0,1254.0
229.0,434.0,423.0,168.0,1254.0
229.0,434.0,423.0,168.0,1254.0
229.0,434.0,423.0,168.0,1254.0
229.0,434.0,423.0,168.0,1254.0
229.0,434.0,423.0,168.0,1254.0
229.0,434.0,423.0,168.0,1254.0
229.0,434.0,423.0,168.0,1254.0
229.0,434.0,423.0,168.0,1254.0
229.0,434.0,423.0,168.0,1254.0
229.0,434.0,423.0,168.0,1254.0
229.0,434.0,423.0,168.0,1254.0
229.0,434.0,423.0,168.0,1254.0
229.0,434.0,423.0,168.0,1254.0
229.0,434.0,423.0,168.0,1254.0
229.0,434.0,423.0,168.0,1254.0
229.0,434.0,423.0,168.0,1254.0
229.0,434.0,423.0,168.0,1254.0
229.0,434.0,423.0,168.0,1254.0
229.0,434.0,423.0,168.0,1254.0
229.0,434.0,423.0,168.0,1254.0
229.0,434.0,423.0,168.0,1254.0
229.0,434.0,423.0,168.0,1254.0
229.0,434.0,423.0,168.0,1254.0
229.0,434.0,423.0,168.0,1254.0
229.0,434.0,423.0,168.0,1254.0
229.0,434.0,423.0,168.0,1254.0
229.0,434.0,423.0,168.0,1254.0
229.0,434.0,423.0,168.0,1254.0
229.0,434.0,423.0,168.0,1254.0
229.0,434.0,423.0,168.0,1254.0
229.0,434.0,423.0,168.0,1254.0
229.0,434.0,423.0,168.0,1254.0
229.0,434.0,422.0,168.0,1253.0
229.0,434.0,422.0,168.0,1253.0
229.0,434.0,422.0,168.0,1253.0
229.0,434.0,422.0,168.0,1253.0
229.0,434.0,422.0,168.0,1253.0
229.0,434.0,422.0,168.0,1253.0
229.0,434.0,422.0,168.0,1253.0
229.0,434.0,422.0,168.0,1253.0
229.0,434.0,422.0,168.0,1253.0
229.0,434.0,422.0,168.0,1253.0
229.0,434.0,422.0,168.0,1253.0
229.0,434.0,422.0,168.0,1253.0
229.0,434.0,423.0,168.0,1254.0
229.0,434.0,423.0,168.0,1254.0
229.0,434.0,423.0,168.0,1254.0
229.0,434.0,423.0,168.0,1254.0
229.0,434.0,423.0,168.0,1254.0
229.0,434.0,423.0,168.0,1254.0
229.0,434.0,424.0,168.0,1255.0
229.0,434.0,424.0,168.0,1255.0
229.0,434.0,424.0,168.0,1255.0
229.0,434.0,424.0,168.0,1255.0
229.0,434.0,424.0,168.0,1255.0
229.0,434.0,424.0,168.0,1255.0
229.0,434.0,423.0,168.0,1254.0
229.0,434.0,423.0,168.0,1254.0
229.0,434.0,423.0,168.0,1254.0
229.0,434.0,423.0,168.0,1254.0
229.0,434.0,423.0,168.0,1254.0
229.0,434.0,423.0,168.0,1254.0
229.0,434.0,423.0,355.0,1441.0
229.0,434.0,423.0,355.0,1441.0
229.0,434.0,423.0,355.0,1441.0
229.0,434.0,423.0,355.0,1441.0
229.0,434.0,423.0,355.0,1441.0
229.0,434.0,423.0,355.0,1441.0
932.0,714.0,1041.0,343.0,3030.0
932.0,714.0,1041.0,343.0,3030.0
932.0,714.0,1041.0,343.0,3030.0
932.0,714.0,1041.0,343.0,3030.0
932.0,714.0,1041.0,343.0,3030.0
932.0,714.0,1041.0,343.0,3030.0
941.0,697.0,1044.0,346.0,3028.0
928.5,697.0,1044.0,346.0,3015.5
941.0,697.0,1044.0,346.0,3028.0
941.0,697.0,1044.0,346.0,3028.0
941.0,697.0,1044.0,346.0,3028.0
941.0,697.0,1044.0,346.0,3028.0
925.0,701.0,1048.0,348.0,3022.0
925.0,701.0,1048.0,348.0,3022.0
932.0,701.0,1048.0,348.0,3029.0
932.0,701.0,1048.0,348.0,3029.0
932.0,701.0,1048.0,348.0,3029.0
932.0,701.0,1048.0,348.0,3029.0
932.0,701.0,1045.0,348.0,3026.0
934.0,703.0,1047.0,346.5,3030.5
934.0,703.0,1047.0,345.0,3029.0
934.0,703.0,1047.0,345.0,3029.0
934.0,703.0,1047.0,345.0,3029.0
934.0,703.0,1047.0,345.0,3029.0
934.0,703.0,1047.0,346.5,3030.5
933.0,699.5,1044.0,347.0,3023.5
933.0,697.0,1046.0,347.0,3023.0
933.0,697.0,1046.0,347.0,3023.0
933.0,697.0,1046.0,347.0,3023.0
933.0,697.0,1046.0,347.0,3023.0
933.0,697.0,1046.0,347.0,3023.0
932.0,698.0,1046.0,347.0,3023.0
932.0,698.0,1046.0,347.0,3023.0
932.0,698.0,1046.0,347.0,3023.0
932.0,698.0,1046.0,347.0,3023.0
932.0,698.0,1046.0,347.0,3023.0
932.0,698.0,1046.0,347.0,3023.0
933.0,698.0,1046.0,346.0,3023.0
933.0,698.0,1046.0,346.0,3023.0
933.0,698.0,1046.0,346.0,3023.0
933.0,698.0,1046.0,346.0,3023.0
933.0,698.0,1046.0,346.0,3023.0
933.0,698.0,1046.0,346.0,3023.0
933.0,698.0,1047.0,347.0,3025.0
930.0,698.0,1045.0,347.0,3020.0
930.0,698.0,1045.0,347.0,3020.0
930.0,698.0,1045.0,347.0,3020.0
930.0,698.0,1045.0,347.0,3020.0
930.0,698.0,1045.0,347.0,3020.0
932.0,698.0,1045.0,348.0,3023.0
932.0,698.0,1045.0,348.0,3023.0
932.0,698.0,1045.0,348.0,3023.0
932.0,698.0,1045.0,348.0,3023.0
932.0,698.0,1045.0,348.0,3023.0
932.0,698.0,1045.0,348.0,3023.0
938.0,695.0,1043.0,348.0,3024.0
938.0,695.0,1043.0,348.0,3024.0
938.0,695.0,1043.0,348.0,3024.0
938.0,695.0,1043.0,348.0,3024.0
938.0,695.0,1043.0,348.0,3024.0
938.0,695.0,1043.0,348.0,3024.0
938.0,695.0,1043.0,348.0,3024.0
939.0,688.0,1041.0,351.0,3019.0
939.0,688.0,1041.0,351.0,3019.0
939.0,688.0,1041.0,351.0,3019.0
939.0,688.0,1041.0,351.0,3019.0
939.0,688.0,1041.0,351.0,3019.0
939.0,688.0,1041.0,351.0,3019.0
944.0,687.0,1041.0,352.0,3024.0
944.0,687.0,1041.0,352.0,3024.0
944.0,687.0,1041.0,352.0,3024.0
944.0,687.0,1041.0,352.0,3024.0
944.0,687.0,1041.0,352.0,3024.0
944.0,687.0,1041.0,352.0,3024.0
947.0,683.0,1039.0,353.0,3022.0
947.0,683.0,1039.0,353.0,3022.0
947.0,683.0,1039.0,353.0,3022.0
947.0,683.0,1039.0,353.0,3022.0
947.0,683.0,1039.0,353.0,3022.0
947.0,683.0,1039.0,353.0,3022.0
949.0,680.0,1038.0,354.0,3021.0
949.0,680.0,1038.0,354.0,3021.0
949.0,680.0,1038.0,354.0,3021.0
949.0,680.0,1038.0,354.0,3021.0
949.0,680.0,1038.0,354.0,3021.0
949.0,680.0,1038.0,354.0,3021.0
955.0,677.0,1037.0,354.0,3023.0
955.0,677.0,1037.0,354.0,3023.0
955.0,677.0,1037.0,354.0,3023.0
955.0,677.0,1037.0,354.0,3023.0
955.0,677.0,1037.0,354.0,3023.0
955.0,677.0,1037.0,354.0,3023.0
951.0,677.0,1039.0,356.0,3023.0
951.0,677.0,1037.0,356.0,3021.0
951.0,677.0,1037.0,356.0,3021.0
951.0,677.0,1037.0,356.0,3021.0
951.0,677.0,1037.0,356.0,3021.0
951.0,677.0,1037.0,356.0,3021.0
957.0,675.0,1037.0,355.0,3024.0
957.0,675.0,1037.0,355.0,3024.0
957.0,675.0,1037.0,355.0,3024.0
957.0,675.0,1037.0,355.0,3024.0
957.0,675.0,1037.0,355.0,3024.0
957.0,675.0,1037.0,355.0,3024.0
957.0,675.0,1037.0,355.0,3024.0
956.0,674.0,1037.0,357.0,3024.0
956.0,674.0,1037.0,357.0,3024.0
956.0,674.0,1037.0,357.0,3024.0
956.0,674.0,1037.0,357.0,3024.0
956.0,674.0,1037.0,357.0,3024.0
956.0,674.0,1037.0,357.0,3024.0
959.0,671.0,1036.0,357.0,3023.0
959.0,671.0,1036.0,357.0,3023.0
959.0,671.0,1036.0,357.0,3023.0
959.0,671.0,1036.0,357.0,3023.0
959.0,671.0,1036.0,357.0,3023.0
959.0,671.0,1036.0,357.0,3023.0
961.0,668.0,1036.0,359.0,3024.0
961.0,668.0,1036.0,359.0,3024.0
961.0,668.0,1036.0,359.0,3024.0
961.0,668.0,1036.0,359.0,3024.0
961.0,668.0,1036.0,359.0,3024.0
961.0,668.0,1036.0,359.0,3024.0
959.0,671.0,1036.0,357.0,3023.0
959.0,671.0,1053.0,357.0,3040.0
959.0,671.0,1053.0,357.0,3040.0
959.0,671.0,1053.0,357.0,3040.0
959.0,671.0,1053.0,357.0,3040.0
959.0,671.0,1053.0,357.0,3040.0
959.0,671.0,1036.0,357.0,3023.0
960.0,671.0,1036.0,357.0,3024.0
961.0,671.0,1036.0,357.0,3025.0
961.0,671.0,1036.0,357.0,3025.0
961.0,671.0,1036.0,357.0,3025.0
961.0,671.0,1036.0,357.0,3025.0
961.0,672.0,1036.0,363.0,3032.0
962.5,672.0,1036.0,367.0,3037.5
964.0,672.0,1036.0,367.0,3039.0
964.0,672.0,1036.0,367.0,3039.0
964.0,672.0,1036.0,367.0,3039.0
964.0,672.0,1036.0,367.0,3039.0
957.0,665.5,1052.0,367.0,3041.5
957.0,665.0,1052.0,367.0,3041.0
957.0,665.0,1052.0,367.0,3041.0
957.0,665.0,1052.0,367.0,3041.0
957.0,665.0,1052.0,367.0,3041.0
957.0,665.0,1052.0,367.0,3041.0
957.0,665.0,1052.0,367.0,3041.0
964.0,666.0,1038.0,377.0,3045.0
964.0,666.0,1038.0,377.0,3045.0
964.0,666.0,1038.0,377.0,3045.0
964.0,666.0,1038.0,377.0,3045.0
964.0,666.0,1038.0,377.0,3045.0
964.0,666.0,1038.0,367.0,3035.0
964.0,641.0,1013.0,367.5,2985.5
964.0,641.0,1033.0,368.0,3006.0
964.0,641.0,1033.0,368.0,3006.0
964.0,641.0,1033.0,368.0,3006.0
964.0,641.0,1033.0,368.0,3006.0
964.0,641.0,1033.0,368.0,3006.0
952.0,648.0,1043.0,368.0,3011.0
952.0,643.0,1033.0,368.0,2996.0
952.0,643.0,1033.0,368.0,2996.0
952.0,643.0,1033.0,368.0,2996.0
952.0,643.0,1033.0,368.0,2996.0
952.0,643.0,1033.0,368.0,2996.0
994.0,643.0,1030.0,369.0,3036.0
994.0,643.0,1030.0,369.0,3036.0
994.0,643.0,1030.0,369.0,3036.0
994.0,643.0,1030.0,369.0,3036.0
994.0,643.0,1030.0,369.0,3036.0
994.0,643.0,1030.0,369.0,3036.0
972.0,640.0,1033.0,369.0,3014.0
986.0,640.0,1033.0,369.0,3028.0
986.0,640.0,1033.0,369.0,3028.0
986.0,640.0,1033.0,369.0,3028.0
986.0,640.0,1033.0,369.0,3028.0
986.0,640.0,1033.0,369.0,3028.0
986.0,640.0,1032.0,369.0,3027.0
986.0,640.0,1032.0,369.0,3027.0
986.0,640.0,1032.0,369.0,3027.0
986.0,640.0,1032.0,369.0,3027.0
986.0,640.0,1032.0,369.0,3027.0
986.0,640.0,1032.0,369.0,3027.0
985.0,636.0,1032.0,369.0,3022.0
985.0,636.0,1030.0,369.0,3020.0
985.0,636.0,1030.0,369.0,3020.0
985.0,636.0,1030.0,369.0,3020.0
985.0,636.0,1030.0,369.0,3020.0
985.0,636.0,1030.0,369.0,3020.0
990.0,635.0,1030.0,370.0,3025.0
990.0,635.0,1030.0,370.0,3025.0
990.0,635.0,1030.0,370.0,3025.0
990.0,635.0,1030.0,370.0,3025.0
990.0,635.0,1030.0,370.0,3025.0
990.0,635.0,1030.0,370.0,3025.0
990.0,635.0,1030.0,370.0,3025.0
991.0,634.0,1030.0,371.0,3026.0
991.0,634.0,1030.0,371.0,3026.0
991.0,634.0,1030.0,371.0,3026.0
991.0,634.0,1030.0,371.0,3026.0
991.0,634.0,1030.0,371.0,3026.0
991.0,634.0,1030.0,371.0,3026.0
991.0,632.0,1030.0,372.0,3025.0
991.0,632.0,1030.0,372.0,3025.0
991.0,632.0,1030.0,372.0,3025.0
991.0,632.0,1030.0,372.0,3025.0
991.0,632.0,1030.0,372.0,3025.0
991.0,632.0,1030.0,372.0,3025.0
994.0,627.0,1030.0,372.0,3023.0
994.0,627.0,1030.0,372.0,3023.0
994.0,627.0,1030.0,372.0,3023.0
994.0,627.0,1030.0,372.0,3023.0
994.0,627.0,1030.0,372.0,3023.0
994.0,627.0,1030.0,372.0,3023.0
996.0,627.0,1030.0,372.0,3025.0
996.0,627.0,1030.0,372.0,3025.0
996.0,627.0,1030.0,372.0,3025.0
996.0,627.0,1030.0,372.0,3025.0
996.0,627.0,1030.0,372.0,3025.0
996.0,627.0,1030.0,372.0,3025.0
998.0,625.0,1030.0,372.0,3025.0
998.0,625.0,1030.0,372.0,3025.0
998.0,625.0,1030.0,372.0,3025.0
998.0,625.0,1030.0,372.0,3025.0
998.0,625.0,1030.0,372.0,3025.0
998.0,625.0,1030.0,372.0,3025.0
997.0,627.0,1029.0,372.0,3025.0
997.0,627.0,1029.0,372.0,3025.0
997.0,627.0,1029.0,372.0,3025.0
997.0,627.0,1029.0,372.0,3025.0
997.0,627.0,1029.0,372.0,3025.0
997.0,627.0,1029.0,372.0,3025.0
998.0,627.0,1029.0,373.0,3027.0
998.0,626.0,1029.0,373.0,3026.0
998.0,625.0,1029.0,373.0,3025.0
998.0,625.0,1029.0,373.0,3025.0
998.0,625.0,1029.0,373.0,3025.0
998.0,625.0,1029.0,373.0,3025.0
998.0,625.0,1029.0,373.0,3025.0
998.0,623.5,1030.0,372.0,3023.5
998.0,622.0,1030.0,372.0,3022.0
998.0,622.0,1030.0,372.0,3022.0
998.0,622.0,1030.0,372.0,3022.0
998.0,622.0,1030.0,372.0,3022.0
998.0,622.0,1030.0,373.0,3023.0
1001.0,621.5,1028.0,373.0,3023.5
1001.0,621.0,1028.0,373.0,3023.0
1001.0,621.0,1028.0,373.0,3023.0
1001.0,621.0,1028.0,373.0,3023.0
1001.0,621.0,1028.0,373.0,3023.0
1001.0,621.0,1028.0,373.0,3023.0
1000.0,622.0,1029.0,373.0,3024.0
1000.0,622.0,1029.0,373.0,3024.0
1000.0,622.0,1029.0,373.0,3024.0
1000.0,622.0,1029.0,373.0,3024.0
1000.0,622.0,1029.0,373.0,3024.0
1000.0,622.0,1029.0,373.0,3024.0
1002.0,621.0,1028.0,373.0,3024.0
1002.0,621.0,1028.0,373.0,3024.0
1002.0,621.0,1028.0,373.0,3024.0
1002.0,621.0,1028.0,373.0,3024.0
1002.0,621.0,1028.0,373.0,3024.0
1002.0,621.0,1028.0,373.0,3024.0
1003.0,620.0,1028.0,373.0,3024.0
1003.0,620.0,1028.0,373.0,3024.0
1003.0,620.0,1028.0,373.0,3024.0
1003.0,620.0,1028.0,373.0,3024.0
1003.0,620.0,1028.0,373.0,3024.0
1003.0,620.0,1028.0,373.0,3024.0
1001.5,621.0,1029.0,373.0,3024.5
1002.0,621.5,1029.0,373.0,3025.5
1002.0,622.0,1029.0,373.0,3026.0
1002.0,622.0,1029.0,373.0,3026.0
1002.0,622.0,1029.0,373.0,3026.0
1002.0,622.0,1029.0,373.0,3026.0
1002.5,619.0,1028.5,373.0,3023.0
1003.0,619.0,1028.0,373.0,3023.0
1003.0,619.0,1028.0,373.0,3023.0
1003.0,619.0,1028.0,373.0,3023.0
1003.0,619.0,1028.0,373.0,3023.0
1003.0,619.0,1028.0,373.0,3023.0
1003.0,619.0,1028.0,373.0,3023.0
1003.0,620.0,1029.0,374.0,3026.0
1003.0,620.0,1029.0,374.0,3026.0
1003.0,620.0,1029.0,374.0,3026.0
1003.0,620.0,1029.0,374.0,3026.0
1003.0,620.0,1029.0,374.0,3026.0
1003.0,620.0,1029.0,374.0,3026.0
1003.0,620.0,1029.0,374.0,3026.0
1003.0,620.0,1029.0,374.0,3026.0
1003.0,620.0,1029.0,374.0,3026.0
1003.0,620.0,1029.0,374.0,3026.0
1003.0,620.0,1029.0,374.0,3026.0
1003.0,619.5,1029.0,374.0,3025.5
1003.0,619.0,1028.0,374.0,3024.0
1003.0,619.0,1028.0,374.0,3024.0
1003.0,619.0,1028.0,374.0,3024.0
1003.0,619.0,1028.0,374.0,3024.0
1003.0,619.0,1028.0,374.0,3024.0
1003.0,619.0,1028.0,374.0,3024.0
1002.0,619.0,1028.0,374.0,3023.0
1002.0,620.0,1028.0,374.0,3024.0
1002.0,620.0,1028.0,374.0,3024.0
1002.0,620.0,1028.0,374.0,3024.0
1002.0,620.0,1028.0,374.0,3024.0
1002.0,620.0,1028.0,374.0,3024.0
1004.0,619.0,1028.0,374.0,3025.0
1004.0,619.0,1028.0,374.0,3025.0
1004.0,619.0,1028.0,374.0,3025.0
1004.0,619.0,1028.0,374.0,3025.0
1004.0,619.0,1028.0,374.0,3025.0
1004.0,619.0,1028.0,374.0,3025.0
1004.0,619.0,1028.0,374.0,3025.0
1004.0,619.0,1028.0,374.0,3025.0
1004.0,619.0,1028.0,374.0,3025.0
1004.0,619.0,1028.0,374.0,3025.0
1004.0,619.0,1028.0,374.0,3025.0
1004.0,619.0,1028.0,374.0,3025.0
1005.0,619.0,1028.0,375.0,3027.0
1005.0,619.0,1028.0,375.0,3027.0
1005.0,619.0,1028.0,375.0,3027.0
1005.0,619.0,1028.0,375.0,3027.0
1005.0,619.0,1028.0,375.0,3027.0
1005.0,619.0,1028.0,375.0,3027.0
1005.0,617.0,1028.0,375.0,3025.0
1005.0,617.0,1027.0,375.0,3024.0
1005.0,617.0,1027.0,375.0,3024.0
1005.0,617.0,1027.0,375.0,3024.0
1005.0,617.0,1027.0,375.0,3024.0
1005.0,617.0,1027.0,375.0,3024.0
1005.0,617.0,1027.0,375.0,3024.0
1005.0,617.0,1028.0,375.0,3025.0
1005.0,617.0,1028.0,375.0,3025.0
1005.0,617.0,1028.0,375.0,3025.0
1005.0,617.0,1028.0,375.0,3025.0
1005.0,617.0,1028.0,375.0,3025.0
1005.0,617.0,1028.0,375.0,3025.0
1006.0,617.0,1027.0,375.0,3025.0
1006.0,617.0,1027.0,375.0,3025.0
1006.0,617.0,1027.0,375.0,3025.0
1006.0,617.0,1027.0,375.0,3025.0
1006.0,617.0,1027.0,375.0,3025.0
1006.0,617.0,1027.0,375.0,3025.0
1006.0,616.0,1029.0,375.0,3026.0
1006.0,616.0,1029.0,375.0,3026.0
1006.0,616.0,1029.0,375.0,3026.0
1006.0,616.0,1029.0,375.0,3026.0
1006.0,616.0,1029.0,375.0,3026.0
1006.0,616.0,1029.0,375.0,3026.0
1005.0,619.0,1028.0,375.0,3027.0
1005.0,619.0,1028.0,375.0,3027.0
1005.0,619.0,1028.0,375.0,3027.0
1005.0,619.0,1028.0,375.0,3027.0
1005.0,619.0,1028.0,375.0,3027.0
1005.0,619.0,1028.0,375.0,3027.0
1006.0,615.0,1024.0,375.0,3020.0
1006.0,615.0,1024.0,375.0,3020.0
1006.0,615.0,1024.0,375.0,3020.0
1006.0,615.0,1024.0,375.0,3020.0
1006.0,615.0,1024.0,375.0,3020.0
1006.0,615.0,1024.0,375.0,3020.0
1005.5,616.0,1028.5,372.0,3022.0
1005.0,616.0,1029.0,372.0,3022.0
1005.0,616.0,1022.0,372.0,3015.0
1005.0,616.0,1022.0,372.0,3015.0
1005.0,616.0,1022.0,372.0,3015.0
1005.0,616.0,1022.0,372.0,3015.0
1004.0,628.0,1032.0,371.0,3035.0
966.0,628.0,1032.0,371.0,2997.0
966.0,628.0,1032.0,371.0,2997.0
966.0,628.0,1032.0,371.0,2997.0
966.0,628.0,1032.0,371.0,2997.0
966.0,628.0,1032.0,371.0,2997.0
966.0,628.0,1032.0,371.0,2997.0
969.0,628.0,1045.0,355.0,2997.0
969.0,628.0,1045.0,355.0,2997.0
969.0,628.0,1045.0,355.0,2997.0
969.0,628.0,1045.0,355.0,2997.0
969.0,628.0,1045.0,355.0,2997.0
967.5,628.0,1045.0,355.0,2995.5
969.0,643.0,1041.0,354.0,3007.0
969.0,643.0,1041.0,354.0,3007.0
969.0,643.0,1041.0,354.0,3007.0
969.0,643.0,1041.0,354.0,3007.0
969.0,643.0,1041.0,354.0,3007.0
969.0,643.0,1041.0,354.0,3007.0
959.0,671.0,1051.0,350.0,3031.0
959.0,671.0,1051.0,350.0,3031.0
959.0,671.0,1051.0,350.0,3031.0
959.0,671.0,1051.0,350.0,3031.0
959.0,671.0,1051.0,350.0,3031.0
959.0,671.0,1051.0,350.0,3031.0
960.0,674.0,1052.0,347.0,3033.0
960.0,674.0,1052.0,347.0,3033.0
960.0,674.0,1052.0,347.0,3033.0
960.0,674.0,1052.0,347.0,3033.0
960.0,674.0,1052.0,347.0,3033.0
960.0,674.0,1052.0,347.0,3033.0
941.0,680.0,1058.0,340.0,3019.0
941.0,680.0,1058.0,340.0,3019.0
941.0,680.0,1058.0,340.0,3019.0
941.0,680.0,1058.0,340.0,3019.0
941.0,680.0,1058.0,340.0,3019.0
941.0,680.0,1058.0,340.0,3019.0
939.0,695.0,1060.0,332.0,3026.0
939.0,695.0,1060.0,339.0,3033.0
939.0,695.0,1060.0,339.0,3033.0
939.0,695.0,1060.0,339.0,3033.0
939.0,695.0,1060.0,339.0,3033.0
939.0,695.0,1060.0,339.0,3033.0
921.0,698.0,1064.0,339.0,3022.0
921.0,698.0,1064.0,339.0,3022.0
921.0,698.0,1064.0,339.0,3022.0
921.0,698.0,1064.0,339.0,3022.0
921.0,698.0,1064.0,339.0,3022.0
921.0,698.0,1064.0,339.0,3022.0
921.0,698.0,1064.0,339.0,3022.0
917.0,704.0,1065.0,336.0,3022.0
917.0,704.0,1065.0,336.0,3022.0
917.0,704.0,1065.0,336.0,3022.0
917.0,704.0,1065.0,336.0,3022.0
917.0,704.0,1065.0,336.0,3022.0
917.0,704.0,1065.0,336.0,3022.0
913.0,711.0,1061.0,338.0,3023.0
913.0,711.0,1061.0,338.0,3023.0
913.0,711.0,1061.0,338.0,3023.0
913.0,711.0,1061.0,338.0,3023.0
913.0,711.0,1061.0,338.0,3023.0
913.0,711.0,1061.0,338.0,3023.0
908.0,722.0,1065.0,332.0,3027.0
908.0,722.0,1065.0,332.0,3027.0
908.0,722.0,1065.0,332.0,3027.0
908.0,722.0,1065.0,332.0,3027.0
908.0,722.0,1065.0,332.0,3027.0
908.0,722.0,1065.0,332.0,3027.0
902.0,718.0,1068.0,326.0,3014.0
902.0,718.0,1068.0,326.0,3014.0
902.0,718.0,1068.0,326.0,3014.0
902.0,718.0,1068.0,326.0,3014.0
902.0,718.0,1068.0,326.0,3014.0
902.0,718.0,1068.0,326.0,3014.0
895.0,730.0,1073.0,321.0,3019.0
895.0,730.0,1073.0,321.0,3019.0
895.0,730.0,1073.0,321.0,3019.0
895.0,730.0,1073.0,321.0,3019.0
895.0,730.0,1073.0,321.0,3019.0
895.0,730.0,1073.0,321.0,3019.0
898.0,724.0,1079.0,320.0,3021.0
898.0,724.0,1079.0,320.0,3021.0
898.0,724.0,1079.0,320.0,3021.0
898.0,724.0,1079.0,320.0,3021.0
898.0,724.0,1079.0,320.0,3021.0
898.0,724.0,1079.0,320.0,3021.0
882.0,741.0,1081.0,315.0,3019.0
882.0,741.0,1081.0,315.0,3019.0
882.0,741.0,1081.0,315.0,3019.0
882.0,741.0,1081.0,315.0,3019.0
882.0,741.0,1081.0,315.0,3019.0
882.0,741.0,1081.0,315.0,3019.0
882.0,741.0,1081.0,315.0,3019.0
874.0,749.0,1077.0,318.0,3018.0
874.0,749.0,1077.0,318.0,3018.0
874.0,749.0,1077.0,318.0,3018.0
874.0,749.0,1077.0,318.0,3018.0
874.0,749.0,1077.0,318.0,3018.0
874.0,749.0,1077.0,318.0,3018.0
855.0,765.0,1084.0,315.0,3019.0
855.0,765.0,1084.0,315.0,3019.0
855.0,765.0,1084.0,315.0,3019.0
855.0,765.0,1084.0,315.0,3019.0
855.0,765.0,1084.0,315.0,3019.0
855.0,765.0,1084.0,315.0,3019.0
846.0,771.0,1085.0,312.0,3014.0
846.0,771.0,1085.0,312.0,3014.0
846.0,771.0,1085.0,312.0,3014.0
846.0,771.0,1085.0,312.0,3014.0
846.0,771.0,1085.0,312.0,3014.0
846.0,771.0,1085.0,312.0,3014.0
841.0,788.0,1091.0,305.0,3025.0
841.0,788.0,1091.0,305.0,3025.0
841.0,788.0,1091.0,305.0,3025.0
841.0,788.0,1091.0,305.0,3025.0
841.0,788.0,1091.0,305.0,3025.0
841.0,788.0,1091.0,305.0,3025.0
825.0,820.0,1094.0,306.5,3045.5
825.0,790.0,1094.0,305.0,3014.0
825.0,790.0,1094.0,305.0,3014.0
825.0,790.0,1094.0,305.0,3014.0
825.0,790.0,1094.0,305.0,3014.0
825.0,790.0,1094.0,305.0,3014.0
833.0,792.0,1094.0,308.0,3027.0
825.0,794.0,1094.0,308.0,3021.0
825.0,794.0,1094.0,308.0,3021.0
825.0,794.0,1094.0,308.0,3021.0
825.0,794.0,1094.0,308.0,3021.0
825.0,794.0,1094.0,308.0,3021.0
844.0,790.0,1095.0,302.0,3031.0
844.0,790.0,1095.0,302.0,3031.0
844.0,790.0,1095.0,302.0,3031.0
844.0,790.0,1095.0,302.0,3031.0
844.0,790.0,1095.0,302.0,3031.0
844.0,790.0,1095.0,302.0,3031.0
807.0,794.0,1094.0,304.0,2999.0
822.0,794.0,1094.0,304.0,3014.0
822.0,794.0,1094.0,301.0,3011.0
822.0,794.0,1094.0,301.0,3011.0
822.0,794.0,1094.0,301.0,3011.0
822.0,794.0,1094.0,301.0,3011.0
821.0,794.0,1094.0,301.0,3010.0
822.0,799.0,1095.0,300.0,3016.0
822.0,799.0,1095.0,300.0,3016.0
822.0,799.0,1095.0,300.0,3016.0
822.0,799.0,1095.0,300.0,3016.0
822.0,799.0,1095.0,300.0,3016.0
822.0,799.0,1095.0,300.0,3016.0
824.0,799.0,1096.0,301.0,3020.0
824.0,799.0,1096.0,301.0,3020.0
824.0,799.0,1096.0,301.0,3020.0
824.0,799.0,1096.0,301.0,3020.0
824.0,799.0,1096.0,301.0,3020.0
819.5,799.0,1096.0,301.0,3015.5
817.0,799.0,1097.0,301.0,3014.0
817.0,799.0,1097.0,301.0,3014.0
817.0,799.0,1097.0,301.0,3014.0
817.0,799.0,1097.0,301.0,3014.0
817.0,799.0,1097.0,301.0,3014.0
817.0,799.0,1097.0,301.0,3014.0
820.0,799.0,1096.0,301.0,3016.0
820.0,799.0,1096.0,301.0,3016.0
820.0,799.0,1096.0,301.0,3016.0
820.0,799.0,1096.0,301.0,3016.0
820.0,799.0,1096.0,301.0,3016.0
820.0,799.0,1096.0,301.0,3016.0
819.0,799.0,1096.0,301.0,3015.0
819.0,799.0,1096.5,301.0,3015.5
819.0,800.0,1098.0,301.0,3018.0
819.0,800.0,1098.0,301.0,3018.0
819.0,800.0,1098.0,301.0,3018.0
819.0,800.0,1098.0,301.0,3018.0
815.0,799.0,1097.0,301.0,3012.0
815.0,799.0,1097.0,304.0,3015.0
815.0,799.0,1097.0,304.0,3015.0
815.0,799.0,1097.0,304.0,3015.0
815.0,799.0,1097.0,304.0,3015.0
815.0,799.0,1097.0,304.0,3015.0
825.0,799.0,1095.0,296.0,3015.0
825.0,799.0,1095.0,296.0,3015.0
825.0,799.0,1095.0,296.0,3015.0
825.0,799.0,1095.0,296.0,3015.0
825.0,799.0,1095.0,296.0,3015.0
825.0,799.0,1095.0,296.0,3015.0
825.0,799.0,1095.0,296.0,3015.0
846.0,782.5,1105.0,288.0,3021.5
846.0,757.0,1105.0,288.0,2996.0
846.0,757.0,1105.0,288.0,2996.0
846.0,757.0,1105.0,288.0,2996.0
846.0,757.0,1105.0,288.0,2996.0
846.0,757.0,1105.0,288.0,2996.0
851.0,769.0,1136.0,258.0,3014.0
851.0,769.0,1136.0,258.0,3014.0
851.0,769.0,1136.0,258.0,3014.0
851.0,769.0,1136.0,258.0,3014.0
851.0,769.0,1136.0,258.0,3014.0
851.0,769.0,1136.0,258.0,3014.0
872.0,749.0,1137.0,248.0,3006.0
872.0,749.0,1137.0,248.0,3006.0
872.0,749.0,1137.0,248.0,3006.0
872.0,749.0,1137.0,248.0,3006.0
872.0,749.0,1137.0,248.0,3006.0
872.0,749.0,1137.0,248.0,3006.0
867.0,745.0,1151.0,239.0,3002.0
867.0,745.0,1151.0,239.0,3002.0
867.0,745.0,1151.0,239.0,3002.0
867.0,745.0,1151.0,239.0,3002.0
867.0,745.0,1151.0,239.0,3002.0
867.0,745.0,1151.0,239.0,3002.0
877.0,738.0,1160.0,233.0,3008.0
877.0,738.0,1160.0,233.0,3008.0
877.0,738.0,1160.0,233.0,3008.0
877.0,738.0,1160.0,233.0,3008.0
877.0,738.0,1160.0,233.0,3008.0
877.0,738.0,1160.0,233.0,3008.0
889.0,728.0,1166.0,226.0,3009.0
889.0,728.0,1166.0,226.0,3009.0
889.0,728.0,1166.0,226.0,3009.0
889.0,728.0,1166.0,226.0,3009.0
889.0,728.0,1166.0,226.0,3009.0
889.0,728.0,1166.0,226.0,3009.0
888.0,727.0,1173.0,217.0,3005.0
888.0,727.0,1173.0,217.0,3005.0
888.0,727.0,1173.0,217.0,3005.0
888.0,727.0,1173.0,217.0,3005.0
888.0,727.0,1173.0,217.0,3005.0
888.0,727.0,1173.0,217.0,3005.0
888.0,727.0,1173.0,217.0,3005.0
894.0,716.0,1181.0,209.0,3000.0
894.0,716.0,1181.0,209.0,3000.0
894.0,716.0,1181.0,209.0,3000.0
894.0,716.0,1181.0,209.0,3000.0
894.0,716.0,1181.0,209.0,3000.0
894.0,716.0,1181.0,209.0,3000.0
896.0,718.0,1188.0,206.0,3008.0
896.0,718.0,1188.0,206.0,3008.0
896.0,718.0,1188.0,206.0,3008.0
896.0,718.0,1188.0,206.0,3008.0
896.0,718.0,1188.0,206.0,3008.0
896.0,718.0,1188.0,206.0,3008.0
903.0,711.0,1196.0,199.0,3009.0
903.0,711.0,1196.0,199.0,3009.0
903.0,711.0,1196.0,199.0,3009.0
903.0,711.0,1196.0,199.0,3009.0
903.0,711.0,1196.0,199.0,3009.0
903.0,711.0,1196.0,199.0,3009.0
905.0,708.0,1201.0,193.0,3007.0
905.0,708.0,1201.0,193.0,3007.0
905.0,708.0,1201.0,193.0,3007.0
905.0,708.0,1201.0,193.0,3007.0
905.0,708.0,1201.0,193.0,3007.0
905.0,708.0,1201.0,193.0,3007.0
909.0,707.0,1205.0,188.0,3009.0
909.0,707.0,1205.0,188.0,3009.0
909.0,707.0,1205.0,188.0,3009.0
909.0,707.0,1205.0,188.0,3009.0
909.0,707.0,1205.0,188.0,3009.0
909.0,707.0,1205.0,188.0,3009.0
912.0,702.0,1209.0,183.0,3006.0
912.0,702.0,1209.0,183.0,3006.0
912.0,702.0,1209.0,183.0,3006.0
912.0,702.0,1209.0,183.0,3006.0
912.0,702.0,1209.0,183.0,3006.0
912.0,702.0,1209.0,183.0,3006.0
917.0,698.0,1214.0,181.0,3010.0
917.0,698.0,1214.0,181.0,3010.0
917.0,698.0,1214.0,181.0,3010.0
917.0,698.0,1214.0,181.0,3010.0
917.0,698.0,1214.0,181.0,3010.0
917.0,698.0,1214.0,181.0,3010.0
917.0,698.0,1214.0,181.0,3010.0
918.0,695.0,1218.0,176.0,3007.0
918.0,695.0,1218.0,176.0,3007.0
918.0,695.0,1218.0,176.0,3007.0
918.0,695.0,1218.0,176.0,3007.0
918.0,695.0,1218.0,176.0,3007.0
918.0,695.0,1218.0,176.0,3007.0
921.0,692.0,1220.0,172.0,3005.0
921.0,692.0,1220.0,172.0,3005.0
921.0,692.0,1220.0,172.0,3005.0
921.0,692.0,1220.0,172.0,3005.0
921.0,692.0,1220.0,172.0,3005.0
921.0,692.0,1220.0,172.0,3005.0
922.0,690.0,1225.0,169.0,3006.0
922.0,690.0,1225.0,169.0,3006.0
922.0,690.0,1225.0,169.0,3006.0
922.0,690.0,1225.0,169.0,3006.0
922.0,690.0,1225.0,169.0,3006.0
922.0,690.0,1225.0,169.0,3006.0
927.0,687.0,1228.0,168.0,3010.0
927.0,687.0,1228.0,168.0,3010.0
927.0,687.0,1228.0,168.0,3010.0
927.0,687.0,1228.0,168.0,3010.0
927.0,687.0,1228.0,168.0,3010.0
927.0,687.0,1228.0,168.0,3010.0
926.0,688.0,1230.0,165.0,3009.0
926.0,688.0,1230.0,165.0,3009.0
926.0,688.0,1230.0,165.0,3009.0
926.0,688.0,1230.0,165.0,3009.0
926.0,688.0,1230.0,165.0,3009.0
926.0,688.0,1230.0,165.0,3009.0
929.0,684.0,1232.0,163.0,3008.0
929.0,684.0,1232.0,163.0,3008.0
929.0,684.0,1232.0,163.0,3008.0
929.0,684.0,1232.0,163.0,3008.0
929.0,684.0,1232.0,163.0,3008.0
929.0,684.0,1232.0,163.0,3008.0
930.0,679.0,1234.0,162.0,3005.0
930.0,679.0,1234.0,162.0,3005.0
930.0,679.0,1234.0,162.0,3005.0
930.0,679.0,1234.0,162.0,3005.0
930.0,679.0,1234.0,162.0,3005.0
930.0,679.0,1234.0,162.0,3005.0
933.0,679.0,1236.0,161.0,3009.0
933.0,679.0,1236.0,161.0,3009.0
933.0,679.0,1236.0,161.0,3009.0
933.0,679.0,1236.0,161.0,3009.0
933.0,679.0,1236.0,161.0,3009.0
933.0,679.0,1236.0,161.0,3009.0
933.0,679.0,1236.0,161.0,3009.0
935.0,678.0,1237.0,161.0,3011.0
935.0,675.0,1237.0,161.0,3008.0
935.0,675.0,1237.0,161.0,3008.0
935.0,675.0,1237.0,161.0,3008.0
935.0,675.0,1237.0,161.0,3008.0
935.0,675.0,1237.0,161.0,3008.0
934.0,677.0,1237.0,159.0,3007.0
934.0,677.0,1237.0,159.0,3007.0
934.0,677.0,1237.0,159.0,3007.0
934.0,677.0,1237.0,159.0,3007.0
934.0,677.0,1237.0,159.0,3007.0
934.0,677.0,1237.0,159.0,3007.0
935.0,676.5,1237.0,159.0,3007.5
935.0,676.0,1237.0,159.0,3007.0
935.0,676.0,1237.0,159.0,3007.0
935.0,676.0,1237.0,159.0,3007.0
935.0,676.0,1237.0,159.0,3007.0
935.0,676.0,1237.0,159.0,3007.0
936.0,677.0,1237.5,159.0,3009.5
936.0,677.0,1238.0,159.0,3010.0
936.0,677.0,1238.0,159.0,3010.0
936.0,677.0,1238.0,159.0,3010.0
936.0,677.0,1238.0,159.0,3010.0
936.0,677.0,1238.0,159.0,3010.0
935.0,673.0,1238.0,159.0,3005.0
935.0,675.5,1238.0,159.0,3007.5
935.0,676.0,1238.0,159.0,3008.0
935.0,676.0,1238.0,159.0,3008.0
935.0,676.0,1238.0,159.0,3008.0
935.0,676.0,1238.0,159.0,3008.0
935.0,676.0,1239.0,159.0,3009.0
935.0,676.0,1239.0,159.0,3009.0
935.0,676.0,1239.0,159.0,3009.0
935.0,676.0,1239.0,159.0,3009.0
935.0,676.0,1239.0,159.0,3009.0
935.0,676.0,1239.0,159.0,3009.0
937.0,674.0,1239.0,160.0,3010.0
937.0,674.0,1239.0,160.0,3010.0
937.0,677.0,1239.0,160.0,3013.0
937.0,677.0,1239.0,160.0,3013.0
937.0,677.0,1239.0,160.0,3013.0
937.0,677.0,1239.0,160.0,3013.0
937.0,674.0,1239.0,160.0,3010.0
932.0,677.0,1239.0,161.0,3009.0
932.0,677.0,1239.0,161.0,3009.0
932.0,677.0,1239.0,161.0,3009.0
932.0,677.0,1239.0,161.0,3009.0
932.0,677.0,1239.0,161.0,3009.0
932.0,677.0,1239.0,161.0,3009.0
931.0,679.0,1239.0,160.0,3009.0
931.0,679.0,1239.0,160.0,3009.0
931.0,679.0,1239.0,160.0,3009.0
931.0,679.0,1239.0,160.0,3009.0
931.0,679.0,1239.0,160.0,3009.0
931.0,679.0,1239.0,160.0,3009.0
930.0,680.0,1238.0,163.0,3011.0
930.0,680.0,1238.0,163.0,3011.0
930.0,680.0,1238.0,163.0,3011.0
930.0,680.0,1238.0,163.0,3011.0
930.0,680.0,1238.0,163.0,3011.0
930.0,680.0,1238.0,163.0,3011.0
921.0,688.0,1237.0,163.0,3009.0
921.0,688.0,1237.0,163.0,3009.0
921.0,688.0,1237.0,163.0,3009.0
921.0,688.0,1237.0,163.0,3009.0
921.0,688.0,1237.0,163.0,3009.0
921.0,688.0,1237.0,163.0,3009.0
923.0,685.0,1235.0,165.0,3008.0
923.0,685.0,1235.0,165.0,3008.0
923.0,685.0,1235.0,165.0,3008.0
923.0,685.0,1235.0,165.0,3008.0
923.0,685.0,1235.0,165.0,3008.0
923.0,685.0,1235.0,165.0,3008.0
917.0,693.0,1237.0,166.0,3013.0
917.0,693.0,1237.0,166.0,3013.0
917.0,693.0,1237.0,166.0,3013.0
917.0,693.0,1237.0,166.0,3013.0
917.0,693.0,1237.0,166.0,3013.0
917.0,693.0,1237.0,166.0,3013.0
917.0,696.0,1234.0,168.0,3015.0
917.0,696.0,1234.0,168.0,3015.0
917.0,696.0,1234.0,168.0,3015.0
917.0,696.0,1234.0,168.0,3015.0
917.0,696.0,1234.0,168.0,3015.0
917.0,696.0,1234.0,168.0,3015.0
917.0,696.0,1234.0,168.0,3015.0
909.0,700.0,1233.0,171.0,3013.0
909.0,700.0,1233.0,171.0,3013.0
909.0,700.0,1233.0,171.0,3013.0
909.0,700.0,1233.0,171.0,3013.0
909.0,700.0,1233.0,171.0,3013.0
909.0,700.0,1233.0,171.0,3013.0
909.0,703.0,1231.0,172.0,3015.0
909.0,703.0,1231.0,172.0,3015.0
909.0,703.0,1231.0,172.0,3015.0
909.0,703.0,1231.0,172.0,3015.0
909.0,703.0,1231.0,172.0,3015.0
909.0,703.0,1231.0,172.0,3015.0
900.0,707.0,1230.0,176.0,3013.0
900.0,707.0,1230.0,176.0,3013.0
900.0,707.0,1230.0,176.0,3013.0
900.0,707.0,1230.0,176.0,3013.0
900.0,707.0,1230.0,176.0,3013.0
900.0,707.0,1230.0,176.0,3013.0
894.0,713.0,1229.0,176.0,3012.0
894.0,713.0,1229.0,176.0,3012.0
894.0,713.0,1229.0,176.0,3012.0
894.0,713.0,1229.0,176.0,3012.0
894.0,713.0,1229.0,176.0,3012.0
894.0,713.0,1229.0,176.0,3012.0
892.0,716.0,1224.0,181.0,3013.0
892.0,716.0,1224.0,181.0,3013.0
892.0,716.0,1224.0,181.0,3013.0
892.0,716.0,1224.0,181.0,3013.0
892.0,716.0,1224.0,181.0,3013.0
892.0,716.0,1224.0,181.0,3013.0
882.0,728.0,1225.0,176.0,3011.0
882.0,728.0,1225.0,182.0,3017.0
882.0,728.0,1225.0,182.0,3017.0
882.0,728.0,1225.0,182.0,3017.0
882.0,728.0,1225.0,182.0,3017.0
882.0,728.0,1225.0,182.0,3017.0
880.0,728.0,1221.0,181.0,3010.0
880.0,728.0,1221.0,181.0,3010.0
880.0,728.0,1221.0,181.0,3010.0
880.0,728.0,1221.0,181.0,3010.0
880.0,728.0,1221.0,181.0,3010.0
880.0,728.0,1221.0,181.0,3010.0
866.0,729.5,1224.0,181.0,3000.5
866.0,731.0,1223.0,181.5,3001.5
866.0,731.0,1222.0,182.0,3001.0
866.0,731.0,1222.0,182.0,3001.0
866.0,731.0,1222.0,182.0,3001.0
866.0,731.0,1222.0,182.0,3001.0
866.0,733.0,1222.0,182.0,3003.0
872.0,731.0,1220.0,185.0,3008.0
872.0,731.0,1220.0,185.0,3008.0
872.0,731.0,1220.0,185.0,3008.0
872.0,731.0,1220.0,185.0,3008.0
872.0,731.0,1220.0,185.0,3008.0
872.0,731.0,1220.0,185.0,3008.0
868.0,740.0,1222.0,185.0,3015.0
868.0,740.0,1222.0,185.0,3015.0
868.0,740.0,1222.0,185.0,3015.0
868.0,740.0,1222.0,185.0,3015.0
868.0,740.0,1222.0,185.0,3015.0
868.0,740.0,1222.0,185.0,3015.0
874.0,737.0,1221.0,185.0,3017.0
874.0,737.0,1221.0,185.0,3017.0
874.0,737.0,1221.0,185.0,3017.0
874.0,737.0,1221.0,185.0,3017.0
874.0,737.0,1221.0,185.0,3017.0
874.0,737.0,1221.0,185.0,3017.0
872.0,738.0,1222.0,185.0,3017.0
872.0,738.0,1222.0,185.0,3017.0
872.0,738.0,1222.0,185.0,3017.0
872.0,738.0,1222.0,185.0,3017.0
872.0,738.0,1222.0,185.0,3017.0
872.0,738.0,1222.0,185.0,3017.0
870.0,739.0,1223.0,185.0,3017.0
870.0,739.0,1223.0,185.0,3017.0
870.0,739.0,1223.0,185.0,3017.0
870.0,739.0,1223.0,185.0,3017.0
870.0,739.0,1223.0,185.0,3017.0
870.0,739.0,1223.0,185.0,3017.0
872.0,738.0,1223.0,185.0,3018.0
872.0,738.0,1223.0,184.0,3017.0
872.0,738.0,1223.0,184.0,3017.0
872.0,738.0,1223.0,184.0,3017.0
872.0,738.0,1223.0,184.0,3017.0
872.0,738.0,1223.0,184.0,3017.0
872.0,738.0,1222.0,185.0,3017.0
872.0,738.0,1222.0,185.0,3017.0
872.0,738.0,1222.0,185.0,3017.0
872.0,738.0,1222.0,185.0,3017.0
872.0,738.0,1222.0,185.0,3017.0
872.0,738.0,1222.0,185.0,3017.0
872.0,738.0,1222.0,185.0,3017.0
875.0,738.0,1223.0,184.0,3020.0
875.0,738.0,1223.0,184.0,3020.0
875.0,738.0,1223.0,184.0,3020.0
875.0,738.0,1223.0,184.0,3020.0
875.0,738.0,1223.0,184.0,3020.0
875.0,738.0,1223.0,184.0,3020.0
872.0,738.0,1223.0,183.5,3016.5
872.0,738.0,1223.0,183.0,3016.0
872.0,738.0,1223.0,183.0,3016.0
872.0,738.0,1223.0,183.0,3016.0
872.0,738.0,1223.0,183.0,3016.0
872.0,738.0,1223.0,183.0,3016.0
876.0,739.0,1223.0,183.0,3021.0
870.0,740.0,1223.0,183.0,3016.0
870.0,740.0,1223.0,183.0,3016.0
870.0,740.0,1223.0,183.0,3016.0
870.0,740.0,1223.0,183.0,3016.0
870.0,740.0,1223.0,183.0,3016.0
869.0,740.0,1223.0,183.0,3015.0
868.0,740.0,1223.0,183.0,3014.0
868.0,740.0,1223.0,183.0,3014.0
868.0,740.0,1223.0,183.0,3014.0
868.0,740.0,1223.0,183.0,3014.0
868.0,740.0,1223.0,183.0,3014.0
870.0,742.0,1223.0,183.0,3018.0
867.0,742.0,1223.0,183.0,3015.0
867.0,742.0,1223.0,183.0,3015.0
867.0,742.0,1223.0,183.0,3015.0
867.0,742.0,1223.0,183.0,3015.0
867.0,742.0,1223.0,183.0,3015.0
868.0,741.0,1223.0,183.0,3015.0
868.0,741.0,1223.0,183.0,3015.0
868.0,741.0,1223.0,183.0,3015.0
868.0,741.0,1223.0,183.0,3015.0
868.0,741.0,1223.0,183.0,3015.0
868.0,741.0,1223.0,183.0,3015.0
866.0,742.0,1223.0,183.0,3014.0
866.0,742.0,1223.0,183.0,3014.0
866.0,742.0,1223.0,183.0,3014.0
866.0,742.0,1223.0,183.0,3014.0
866.0,742.0,1223.0,183.0,3014.0
866.0,742.0,1223.0,183.0,3014.0
866.0,742.0,1223.0,183.0,3014.0
867.0,742.0,1223.0,182.0,3014.0
867.0,742.0,1223.0,182.0,3014.0
867.0,742.0,1223.0,182.0,3014.0
867.0,742.0,1223.0,182.0,3014.0
867.0,742.0,1223.0,182.0,3014.0
867.0,742.0,1223.0,182.0,3014.0
867.0,743.0,1224.0,183.0,3017.0
867.0,743.0,1224.0,183.0,3017.0
867.0,743.0,1224.0,183.0,3017.0
867.0,743.0,1224.0,183.0,3017.0
867.0,743.0,1224.0,183.0,3017.0
867.0,743.0,1224.0,183.0,3017.0
867.0,743.5,1224.0,182.5,3017.0
867.0,744.0,1224.0,182.0,3017.0
867.0,744.0,1224.0,182.0,3017.0
867.0,744.0,1224.0,182.0,3017.0
867.0,744.0,1224.0,182.0,3017.0
867.0,744.0,1224.0,182.0,3017.0
871.0,744.0,1223.0,182.0,3020.0
871.0,744.0,1223.0,182.0,3020.0
871.0,744.0,1223.0,182.0,3020.0
871.0,744.0,1223.0,182.0,3020.0
871.0,744.0,1223.0,182.0,3020.0
871.0,744.0,1223.0,182.0,3020.0
865.5,744.0,1223.0,185.0,3017.5
857.0,744.0,1223.0,185.0,3009.0
857.0,744.0,1223.0,185.0,3009.0
857.0,744.0,1223.0,185.0,3009.0
857.0,744.0,1223.0,185.0,3009.0
857.0,744.0,1223.0,185.0,3009.0
863.5,746.0,1223.0,181.0,3013.5
863.0,746.0,1223.0,181.0,3013.0
863.0,746.0,1223.0,181.0,3013.0
863.0,746.0,1223.0,181.0,3013.0
863.0,746.0,1223.0,181.0,3013.0
863.0,746.0,1223.0,181.0,3013.0
861.0,744.0,1224.0,184.0,3013.0
861.0,744.0,1224.0,184.0,3013.0
861.0,744.0,1224.0,184.0,3013.0
861.0,744.0,1224.0,184.0,3013.0
861.0,744.0,1224.0,184.0,3013.0
861.0,744.0,1224.0,184.0,3013.0
861.0,744.0,1224.0,184.0,3013.0
864.0,744.0,1223.0,183.0,3014.0
864.0,746.0,1223.0,183.0,3016.0
864.0,746.0,1223.0,183.0,3016.0
864.0,746.0,1223.0,183.0,3016.0
864.0,746.0,1223.0,183.0,3016.0
864.0,744.0,1223.0,183.0,3014.0
863.0,747.0,1224.0,182.0,3016.0
863.0,747.0,1224.0,182.0,3016.0
863.0,747.0,1224.0,182.0,3016.0
863.0,747.0,1224.0,182.0,3016.0
863.0,747.0,1224.0,182.0,3016.0
863.0,747.0,1224.0,182.0,3016.0
862.0,745.0,1224.0,182.0,3013.0
862.0,745.0,1224.0,182.0,3013.0
862.0,745.0,1224.0,182.0,3013.0
862.0,745.0,1224.0,182.0,3013.0
862.0,745.0,1224.0,182.0,3013.0
862.0,745.0,1224.0,182.0,3013.0
858.0,750.0,1225.0,182.0,3015.0
858.0,750.0,1225.0,182.0,3015.0
858.0,750.0,1225.0,182.0,3015.0
858.0,750.0,1225.0,182.0,3015.0
858.0,750.0,1225.0,182.0,3015.0
858.0,750.0,1225.0,182.0,3015.0
858.0,751.0,1225.0,182.0,3016.0
858.0,751.0,1225.0,182.0,3016.0
858.0,751.0,1225.0,182.0,3016.0
858.0,751.0,1225.0,182.0,3016.0
858.0,751.0,1225.0,182.0,3016.0
858.0,751.0,1225.0,182.0,3016.0
855.0,754.0,1225.0,181.0,3015.0
855.0,754.0,1225.0,181.0,3015.0
855.0,754.0,1225.0,181.0,3015.0
855.0,754.0,1225.0,181.0,3015.0
855.0,754.0,1225.0,181.0,3015.0
855.0,754.0,1225.0,181.0,3015.0
854.0,755.0,1225.0,180.0,3014.0
854.0,755.0,1225.0,180.0,3014.0
854.0,755.0,1225.0,180.0,3014.0
854.0,755.0,1225.0,180.0,3014.0
854.0,755.0,1225.0,180.0,3014.0
854.0,755.0,1225.0,180.0,3014.0
849.0,757.0,1225.0,180.0,3011.0
849.0,757.0,1225.0,180.0,3011.0
849.0,757.0,1225.0,180.0,3011.0
849.0,757.0,1225.0,180.0,3011.0
849.0,757.0,1225.0,180.0,3011.0
849.0,757.0,1225.0,180.0,3011.0
849.0,757.0,1225.0,180.0,3011.0
847.0,761.0,1227.0,179.0,3014.0
847.0,761.0,1227.0,179.0,3014.0
847.0,761.0,1227.0,179.0,3014.0
847.0,761.0,1227.0,179.0,3014.0
847.0,761.0,1227.0,179.0,3014.0
847.0,761.0,1227.0,179.0,3014.0
846.0,762.0,1227.0,179.0,3014.0
846.0,762.0,1227.0,179.0,3014.0
846.0,762.0,1227.0,179.0,3014.0
846.0,762.0,1227.0,179.0,3014.0
846.0,762.0,1227.0,179.0,3014.0
846.0,762.0,1227.0,179.0,3014.0
844.0,765.0,1228.0,179.0,3016.0
844.0,765.0,1228.0,179.0,3016.0
844.0,765.0,1228.0,179.0,3016.0
844.0,765.0,1228.0,179.0,3016.0
844.0,765.0,1228.0,179.0,3016.0
844.0,765.0,1228.0,179.0,3016.0
841.0,766.0,1228.0,178.0,3013.0
841.0,766.0,1228.0,178.0,3013.0
841.0,766.0,1228.0,178.0,3013.0
841.0,766.0,1228.0,178.0,3013.0
841.0,766.0,1228.0,178.0,3013.0
841.0,766.0,1228.0,178.0,3013.0
839.0,768.0,1228.0,177.0,3012.0
839.0,768.0,1228.0,177.0,3012.0
839.0,768.0,1228.0,177.0,3012.0
839.0,768.0,1228.0,177.0,3012.0
839.0,768.0,1228.0,177.0,3012.0
839.0,768.0,1228.0,177.0,3012.0
837.0,772.0,1228.5,176.0,3013.5
837.0,772.0,1230.0,176.0,3015.0
837.0,772.0,1230.0,176.0,3015.0
837.0,772.0,1230.0,176.0,3015.0
837.0,772.0,1230.0,176.0,3015.0
837.0,772.0,1230.0,176.0,3015.0
834.0,773.0,1229.0,177.0,3013.0
834.0,773.0,1229.0,177.0,3013.0
834.0,773.0,1229.0,177.0,3013.0
834.0,773.0,1229.0,177.0,3013.0
834.0,773.0,1229.0,177.0,3013.0
834.0,773.0,1229.0,177.0,3013.0
834.0,773.0,1229.0,177.0,3013.0
831.0,778.0,1230.0,176.0,3015.0
831.0,778.0,1230.0,176.0,3015.0
831.0,778.0,1230.0,176.0,3015.0
831.0,778.0,1230.0,176.0,3015.0
831.0,778.0,1230.0,176.0,3015.0
831.0,778.0,1230.0,176.0,3015.0
833.0,776.0,1229.0,175.0,3013.0
833.0,776.0,1229.0,175.0,3013.0
833.0,776.0,1229.0,175.0,3013.0
833.0,776.0,1229.0,175.0,3013.0
833.0,776.0,1229.0,175.0,3013.0
833.0,776.0,1229.0,175.0,3013.0
828.0,779.0,1231.0,175.0,3013.0
828.0,779.0,1231.0,175.0,3013.0
828.0,779.0,1231.0,175.0,3013.0
828.0,779.0,1231.0,175.0,3013.0
828.0,779.0,1231.0,175.0,3013.0
828.0,779.0,1231.0,175.0,3013.0
828.0,779.0,1232.0,175.0,3014.0
828.0,779.0,1232.0,175.0,3014.0
828.0,779.0,1232.0,175.0,3014.0
828.0,779.0,1232.0,175.0,3014.0
828.0,779.0,1232.0,175.0,3014.0
828.0,779.0,1232.0,175.0,3014.0
825.0,783.0,1233.0,174.0,3015.0
825.0,783.0,1233.0,174.0,3015.0
825.0,783.0,1233.0,174.0,3015.0
825.0,783.0,1233.0,174.0,3015.0
825.0,783.0,1233.0,174.0,3015.0
825.0,783.0,1233.0,174.0,3015.0
824.0,784.0,1232.0,173.0,3013.0
824.0,784.0,1232.0,173.0,3013.0
824.0,784.0,1232.0,173.0,3013.0
824.0,784.0,1232.0,173.0,3013.0
824.0,784.0,1232.0,173.0,3013.0
824.0,784.0,1232.0,173.0,3013.0
822.0,786.0,1233.0,171.5,3012.5
822.0,786.0,1233.0,170.0,3011.0
822.0,786.0,1233.0,170.0,3011.0
822.0,786.0,1233.0,170.0,3011.0
822.0,786.0,1233.0,170.0,3011.0
822.0,786.0,1233.0,170.0,3011.0
822.0,786.0,1233.0,169.5,3010.5
822.0,792.0,1234.0,169.0,3017.0
822.0,792.0,1234.0,169.0,3017.0
822.0,792.0,1234.0,169.0,3017.0
822.0,792.0,1234.0,169.0,3017.0
822.0,792.0,1234.0,169.0,3017.0
822.0,792.0,1234.0,168.5,3016.5
817.0,794.0,1235.0,170.0,3016.0
817.0,794.0,1235.0,170.0,3016.0
817.0,794.0,1235.0,170.0,3016.0
817.0,794.0,1235.0,170.0,3016.0
817.0,794.0,1235.0,170.0,3016.0
817.0,794.0,1235.0,170.0,3016.0
811.0,799.0,1236.0,169.0,3015.0
811.0,799.0,1236.0,169.0,3015.0
811.0,799.0,1236.0,169.0,3015.0
811.0,799.0,1236.0,169.0,3015.0
811.0,799.0,1236.0,169.0,3015.0
811.0,799.0,1236.0,169.0,3015.0
810.0,801.0,1238.0,168.0,3017.0
810.0,801.0,1238.0,168.0,3017.0
810.0,801.0,1238.0,168.0,3017.0
810.0,801.0,1238.0,168.0,3017.0
810.0,801.0,1238.0,168.0,3017.0
810.0,801.0,1238.0,168.0,3017.0
805.0,806.0,1237.0,167.0,3015.0
805.0,806.0,1237.0,167.0,3015.0
805.0,806.0,1237.0,167.0,3015.0
805.0,806.0,1237.0,167.0,3015.0
805.0,806.0,1237.0,167.0,3015.0
805.0,806.0,1237.0,167.0,3015.0
802.0,808.0,1240.0,166.0,3016.0
802.0,808.0,1240.0,166.0,3016.0
802.0,808.0,1240.0,166.0,3016.0
802.0,808.0,1240.0,166.0,3016.0
802.0,808.0,1240.0,166.0,3016.0
802.0,808.0,1240.0,166.0,3016.0
798.0,809.0,1241.0,167.0,3015.0
798.0,809.0,1240.0,167.0,3014.0
798.0,809.0,1240.0,167.0,3014.0
798.0,809.0,1240.0,167.0,3014.0
798.0,809.0,1240.0,167.0,3014.0
798.0,809.0,1240.0,167.0,3014.0
798.0,809.0,1240.0,167.0,3014.0
798.0,809.5,1240.0,165.0,3012.5
798.0,810.0,1240.0,165.0,3013.0
798.0,810.0,1240.0,165.0,3013.0
798.0,810.0,1240.0,165.0,3013.0
798.0,810.0,1240.0,165.0,3013.0
798.0,810.0,1240.0,165.0,3013.0
799.0,810.0,1240.0,166.0,3015.0
799.0,810.0,1240.0,166.0,3015.0
799.0,810.0,1240.0,166.0,3015.0
799.0,810.0,1240.0,166.0,3015.0
799.0,810.0,1240.0,166.0,3015.0
799.0,810.0,1240.0,166.0,3015.0
798.0,812.0,1240.0,165.0,3015.0
798.0,812.0,1240.0,165.0,3015.0
798.0,812.0,1240.0,165.0,3015.0
798.0,812.0,1240.0,165.0,3015.0
798.0,812.0,1240.0,165.0,3015.0
798.0,812.0,1240.0,165.0,3015.0
797.0,811.0,1240.0,166.0,3014.0
797.0,811.0,1240.0,166.0,3014.0
797.0,811.0,1240.0,166.0,3014.0
797.0,811.0,1240.0,166.0,3014.0
797.0,811.0,1240.0,166.0,3014.0
797.0,811.0,1240.0,166.0,3014.0
798.0,812.0,1240.0,166.0,3016.0
798.0,812.0,1240.0,166.0,3016.0
798.0,812.0,1240.0,166.0,3016.0
798.0,812.0,1240.0,166.0,3016.0
798.0,812.0,1240.0,166.0,3016.0
798.0,812.0,1240.0,166.0,3016.0
797.0,811.0,1240.0,166.0,3014.0
797.0,811.0,1240.0,166.0,3014.0
797.0,811.0,1240.0,166.0,3014.0
797.0,811.0,1240.0,166.0,3014.0
797.0,811.0,1240.0,166.0,3014.0
797.0,811.0,1240.0,166.0,3014.0
799.0,810.0,1240.0,166.0,3015.0
799.0,810.0,1240.0,166.0,3015.0
799.0,810.0,1240.0,166.0,3015.0
799.0,810.0,1240.0,166.0,3015.0
799.0,810.0,1240.0,166.0,3015.0
799.0,810.0,1240.0,166.0,3015.0
801.0,810.0,1240.0,166.0,3017.0
801.0,810.0,1240.0,166.0,3017.0
801.0,810.0,1240.0,166.0,3017.0
801.0,810.0,1240.0,166.0,3017.0
801.0,810.0,1240.0,166.0,3017.0
801.0,810.0,1240.0,166.0,3017.0
801.0,810.0,1242.0,166.0,3019.0
806.0,802.0,1239.0,168.0,3015.0
806.0,802.0,1239.0,168.0,3015.0
806.0,802.0,1239.0,168.0,3015.0
806.0,802.0,1239.0,168.0,3015.0
806.0,802.0,1239.0,168.0,3015.0
806.0,802.0,1239.0,168.0,3015.0
804.0,802.0,1238.0,169.0,3013.0
804.0,802.0,1238.0,169.0,3013.0
804.0,802.0,1238.0,169.0,3013.0
804.0,802.0,1238.0,169.0,3013.0
804.0,802.0,1238.0,169.0,3013.0
804.0,802.0,1238.0,169.0,3013.0
810.0,798.0,1238.0,170.0,3016.0
810.0,798.0,1238.0,170.0,3016.0
810.0,798.0,1238.0,170.0,3016.0
810.0,798.0,1238.0,170.0,3016.0
810.0,798.0,1238.0,170.0,3016.0
810.0,798.0,1238.0,170.0,3016.0
812.0,794.0,1235.0,171.0,3012.0
812.0,794.0,1235.0,171.0,3012.0
812.0,794.0,1235.0,171.0,3012.0
812.0,794.0,1235.0,171.0,3012.0
812.0,794.0,1235.0,171.0,3012.0
812.0,794.0,1235.0,171.0,3012.0
814.0,792.0,1235.0,171.0,3012.0
814.0,792.0,1235.0,171.0,3012.0
814.0,792.0,1235.0,171.0,3012.0
814.0,792.0,1235.0,171.0,3012.0
814.0,792.0,1235.0,171.0,3012.0
814.0,792.0,1235.0,171.0,3012.0
817.0,791.0,1235.0,172.0,3015.0
817.0,791.0,1235.0,172.0,3015.0
817.0,791.0,1235.0,172.0,3015.0
817.0,791.0,1235.0,172.0,3015.0
817.0,791.0,1235.0,172.0,3015.0
817.0,791.0,1235.0,172.0,3015.0
820.0,789.0,1234.0,172.0,3015.0
820.0,789.0,1234.0,172.0,3015.0
820.0,789.0,1234.0,172.0,3015.0
820.0,789.0,1234.0,172.0,3015.0
820.0,789.0,1234.0,172.0,3015.0
820.0,789.0,1234.0,172.0,3015.0
820.0,789.0,1234.0,172.0,3015.0
819.0,785.0,1234.0,173.0,3011.0
819.0,785.0,1234.0,173.0,3011.0
819.0,785.0,1234.0,173.0,3011.0
819.0,785.0,1234.0,173.0,3011.0
819.0,785.0,1234.0,173.0,3011.0
819.0,785.0,1234.0,173.0,3011.0
822.0,786.0,1234.0,173.0,3015.0
822.0,786.0,1234.0,173.0,3015.0
822.0,786.0,1234.0,173.0,3015.0
822.0,786.0,1234.0,173.0,3015.0
822.0,786.0,1234.0,173.0,3015.0
822.0,786.0,1234.0,173.0,3015.0
824.0,783.0,1233.0,174.0,3014.0
824.0,783.0,1233.0,174.0,3014.0
824.0,783.0,1233.0,174.0,3014.0
824.0,783.0,1233.0,174.0,3014.0
824.0,783.0,1233.0,174.0,3014.0
824.0,783.0,1233.0,174.0,3014.0
826.0,781.0,1233.0,174.0,3014.0
826.0,781.0,1233.0,174.0,3014.0
826.0,781.0,1233.0,174.0,3014.0
826.0,781.0,1233.0,174.0,3014.0
826.0,781.0,1233.0,174.0,3014.0
826.0,781.0,1233.0,174.0,3014.0
829.0,780.0,1232.0,175.0,3016.0
829.0,780.0,1232.0,175.0,3016.0
829.0,780.0,1232.0,175.0,3016.0
829.0,780.0,1232.0,175.0,3016.0
829.0,780.0,1232.0,175.0,3016.0
829.0,780.0,1232.0,175.0,3016.0
829.0,778.0,1232.0,175.0,3014.0
829.0,778.0,1232.0,175.0,3014.0
829.0,778.0,1232.0,175.0,3014.0
829.0,778.0,1232.0,175.0,3014.0
829.0,778.0,1232.0,175.0,3014.0
829.0,778.0,1232.0,175.0,3014.0
832.0,775.0,1231.0,175.0,3013.0
832.0,775.0,1231.0,175.0,3013.0
832.0,775.0,1231.0,175.0,3013.0
832.0,775.0,1231.0,175.0,3013.0
832.0,775.0,1231.0,175.0,3013.0
832.0,775.0,1231.0,175.0,3013.0
832.0,775.0,1231.0,175.0,3013.0
830.0,777.0,1231.0,176.0,3014.0
830.0,777.0,1231.0,176.0,3014.0
830.0,777.0,1231.0,176.0,3014.0
830.0,777.0,1231.0,176.0,3014.0
830.0,777.0,1231.0,176.0,3014.0
830.0,777.0,1231.0,176.0,3014.0
835.0,772.0,1230.0,176.0,3013.0
835.0,772.0,1230.0,176.0,3013.0
835.0,772.0,1230.0,176.0,3013.0
835.0,772.0,1230.0,176.0,3013.0
835.0,772.0,1230.0,176.0,3013.0
835.0,772.0,1230.0,176.0,3013.0
835.0,770.0,1230.0,177.0,3012.0
835.0,770.0,1230.0,177.0,3012.0
835.0,770.0,1230.0,177.0,3012.0
835.0,770.0,1230.0,177.0,3012.0
835.0,770.0,1230.0,177.0,3012.0
835.0,770.0,1230.0,177.0,3012.0
840.0,767.0,1229.0,178.0,3014.0
840.0,767.0,1229.0,178.0,3014.0
840.0,767.0,1229.0,178.0,3014.0
840.0,767.0,1229.0,178.0,3014.0
840.0,767.0,1229.0,178.0,3014.0
840.0,767.0,1229.0,178.0,3014.0
841.0,766.0,1229.0,178.0,3014.0
841.0,766.0,1229.0,178.0,3014.0
841.0,766.0,1229.0,178.0,3014.0
841.0,766.0,1229.0,178.0,3014.0
841.0,766.0,1229.0,178.0,3014.0
841.0,766.0,1229.0,178.0,3014.0
844.0,763.0,1229.0,179.0,3015.0
844.0,763.0,1229.0,179.0,3015.0
844.0,763.0,1229.0,179.0,3015.0
844.0,763.0,1229.0,179.0,3015.0
844.0,763.0,1229.0,179.0,3015.0
844.0,763.0,1229.0,179.0,3015.0
847.0,761.0,1228.0,179.0,3015.0
847.0,761.0,1228.0,179.0,3015.0
847.0,761.0,1228.0,179.0,3015.0
847.0,761.0,1228.0,179.0,3015.0
847.0,761.0,1228.0,179.0,3015.0
847.0,761.0,1228.0,179.0,3015.0
847.0,761.0,1228.0,179.0,3015.0
847.0,761.0,1228.0,179.0,3015.0
847.0,761.0,1228.0,179.0,3015.0
847.0,761.0,1228.0,179.0,3015.0
847.0,761.0,1228.0,179.0,3015.0
847.0,761.0,1228.0,179.0,3015.0
847.0,761.0,1228.0,179.0,3015.0
851.0,756.0,1227.0,180.0,3014.0
851.0,756.0,1227.0,180.0,3014.0
851.0,756.0,1227.0,180.0,3014.0
851.0,756.0,1227.0,180.0,3014.0
851.0,756.0,1227.0,180.0,3014.0
851.0,756.0,1227.0,180.0,3014.0
851.0,756.0,1227.0,180.0,3014.0
851.0,756.0,1227.0,180.0,3014.0
851.0,756.0,1227.0,180.0,3014.0
851.0,756.0,1227.0,180.0,3014.0
851.0,756.0,1227.0,180.0,3014.0
851.0,756.0,1227.0,180.0,3014.0
852.0,756.0,1227.0,180.0,3015.0
852.0,756.0,1227.0,180.0,3015.0
852.0,756.0,1227.0,180.0,3015.0
852.0,756.0,1227.0,180.0,3015.0
852.0,756.0,1227.0,180.0,3015.0
852.0,756.0,1227.0,180.0,3015.0
852.0,756.0,1227.0,180.0,3015.0
852.0,756.0,1227.0,180.0,3015.0
852.0,756.0,1227.0,180.0,3015.0
852.0,756.0,1227.0,180.0,3015.0
852.0,756.0,1227.0,180.0,3015.0
852.0,756.0,1227.0,180.0,3015.0
853.0,755.0,1227.0,180.0,3015.0
853.0,755.0,1227.0,180.0,3015.0
853.0,755.0,1227.0,180.0,3015.0
853.0,755.0,1227.0,180.0,3015.0
853.0,755.0,1227.0,180.0,3015.0
853.0,755.0,1227.0,180.0,3015.0
853.0,754.0,1227.0,180.0,3014.0
853.0,754.0,1227.0,180.0,3014.0
853.0,754.0,1227.0,180.0,3014.0
853.0,754.0,1227.0,180.0,3014.0
853.0,754.0,1227.0,180.0,3014.0
853.0,754.0,1227.0,180.0,3014.0
852.0,755.0,1227.0,180.0,3014.0
852.0,755.0,1227.0,180.0,3014.0
852.0,755.0,1227.0,180.0,3014.0
852.0,755.0,1227.0,180.0,3014.0
852.0,755.0,1227.0,180.0,3014.0
852.0,755.0,1227.0,180.0,3014.0
852.0,755.0,1227.0,180.0,3014.0
853.0,753.0,1227.0,180.0,3013.0
853.0,753.0,1227.0,180.0,3013.0
853.0,753.0,1227.0,180.0,3013.0
853.0,753.0,1227.0,180.0,3013.0
853.0,753.0,1227.0,180.0,3013.0
853.0,753.0,1227.0,180.0,3013.0
853.0,754.0,1227.0,181.0,3015.0
853.0,754.0,1227.0,181.0,3015.0
853.0,754.0,1227.0,181.0,3015.0
853.0,754.0,1227.0,181.0,3015.0
853.0,754.0,1227.0,181.0,3015.0
853.0,754.0,1227.0,181.0,3015.0
855.0,752.0,1227.0,181.0,3015.0
855.0,752.0,1227.0,181.0,3015.0
855.0,752.0,1227.0,181.0,3015.0
855.0,752.0,1227.0,181.0,3015.0
855.0,752.0,1227.0,181.0,3015.0
855.0,752.0,1227.0,181.0,3015.0
854.0,752.0,1227.0,181.0,3014.0
854.0,752.0,1227.0,181.0,3014.0
854.0,752.0,1227.0,181.0,3014.0
854.0,752.0,1227.0,181.0,3014.0
854.0,752.0,1227.0,181.0,3014.0
854.0,752.0,1227.0,181.0,3014.0
856.0,751.0,1227.0,181.0,3015.0
856.0,751.0,1227.0,181.0,3015.0
856.0,751.0,1227.0,181.0,3015.0
856.0,751.0,1227.0,181.0,3015.0
856.0,751.0,1227.0,181.0,3015.0
856.0,751.0,1227.0,181.0,3015.0
855.0,752.0,1227.0,181.0,3015.0
855.0,752.0,1227.0,181.0,3015.0
855.0,752.0,1227.0,181.0,3015.0
855.0,752.0,1227.0,181.0,3015.0
855.0,752.0,1227.0,181.0,3015.0
855.0,752.0,1227.0,181.0,3015.0
857.0,752.0,1228.0,181.0,3018.0
857.0,755.0,1228.0,181.0,3021.0
857.0,755.0,1228.0,181.0,3021.0
857.0,755.0,1228.0,181.0,3021.0
857.0,755.0,1228.0,181.0,3021.0
857.0,755.0,1228.0,181.0,3021.0
857.0,755.0,1228.0,181.0,3021.0
856.0,751.5,1227.0,181.0,3015.5
856.0,751.0,1227.0,181.0,3015.0
856.0,751.0,1227.0,181.0,3015.0
856.0,751.0,1227.0,181.0,3015.0
856.0,751.0,1227.0,181.0,3015.0
856.5,751.0,1227.0,181.0,3015.5
857.0,748.0,1226.0,181.0,3012.0
857.0,748.0,1226.0,181.0,3012.0
857.0,748.0,1226.0,181.0,3012.0
857.0,748.0,1226.0,181.0,3012.0
857.0,748.0,1226.0,181.0,3012.0
857.0,748.0,1226.0,181.0,3012.0
858.0,748.0,1226.0,182.0,3014.0
858.0,748.0,1226.0,182.0,3014.0
858.0,748.0,1226.0,182.0,3014.0
858.0,748.0,1226.0,182.0,3014.0
858.0,748.0,1226.0,182.0,3014.0
858.0,748.0,1226.0,182.0,3014.0
857.0,748.0,1227.0,181.0,3013.0
857.0,748.0,1227.0,181.0,3013.0
857.0,748.0,1227.0,181.0,3013.0
857.0,748.0,1227.0,181.0,3013.0
857.0,748.0,1227.0,181.0,3013.0
857.0,748.0,1227.0,181.0,3013.0
857.0,748.0,1226.0,181.0,3012.0
857.0,748.0,1226.0,181.0,3012.0
857.0,748.0,1226.0,181.0,3012.0
857.0,748.0,1226.0,181.0,3012.0
857.0,748.0,1226.0,181.0,3012.0
857.0,748.0,1226.0,181.0,3012.0
857.0,748.0,1227.0,181.0,3013.0
857.0,748.0,1227.0,182.0,3014.0
857.0,748.0,1227.0,182.0,3014.0
857.0,748.0,1227.0,182.0,3014.0
857.0,748.0,1227.0,182.0,3014.0
857.0,748.0,1227.0,182.0,3014.0
857.0,748.0,1227.0,181.0,3013.0
857.0,748.0,1227.0,181.0,3013.0
857.0,748.0,1227.0,181.0,3013.0
857.0,748.0,1227.0,181.0,3013.0
857.0,748.0,1227.0,181.0,3013.0
857.0,748.0,1227.0,181.0,3013.0
857.5,748.0,1227.0,181.0,3013.5
859.0,748.0,1226.0,182.0,3015.0
859.0,748.0,1226.0,182.0,3015.0
859.0,748.0,1226.0,182.0,3015.0
859.0,748.0,1226.0,182.0,3015.0
859.0,748.0,1226.0,182.0,3015.0
859.0,748.0,1226.0,182.0,3015.0
857.0,748.0,1226.0,182.0,3013.0
857.0,750.0,1226.0,182.0,3015.0
857.0,750.0,1226.0,182.0,3015.0
857.0,750.0,1226.0,182.0,3015.0
857.0,750.0,1226.0,182.0,3015.0
857.0,750.0,1226.0,182.0,3015.0
858.0,748.0,1226.0,182.0,3014.0
858.0,748.0,1226.0,182.0,3014.0
858.0,748.0,1226.0,182.0,3014.0
858.0,748.0,1226.0,182.0,3014.0
858.0,748.0,1226.0,182.0,3014.0
858.0,748.0,1226.0,182.0,3014.0
858.0,750.0,1226.0,182.0,3016.0
858.0,750.0,1226.0,182.0,3016.0
858.0,750.0,1226.0,182.0,3016.0
858.0,750.0,1226.0,182.0,3016.0
858.0,750.0,1226.0,182.0,3016.0
858.0,750.0,1226.0,182.0,3016.0
857.0,750.0,1226.5,181.0,3014.5
857.0,750.0,1228.0,181.0,3016.0
857.0,750.0,1228.0,181.0,3016.0
857.0,750.0,1228.0,181.0,3016.0
857.0,750.0,1228.0,181.0,3016.0
857.0,750.0,1228.0,181.0,3016.0
857.0,752.0,1227.0,181.0,3017.0
857.0,752.0,1227.0,181.0,3017.0
857.0,752.0,1227.0,181.0,3017.0
857.0,752.0,1227.0,181.0,3017.0
857.0,752.0,1227.0,181.0,3017.0
857.0,752.0,1227.0,181.0,3017.0
858.0,751.0,1227.0,181.0,3017.0
858.0,751.0,1227.0,181.0,3017.0
858.0,751.0,1227.0,181.0,3017.0
858.0,751.0,1227.0,181.0,3017.0
858.0,751.0,1227.0,181.0,3017.0
858.0,751.0,1227.0,181.0,3017.0
857.0,751.5,1227.0,181.0,3016.5
857.0,752.0,1227.0,181.0,3017.0
857.0,752.0,1227.0,181.0,3017.0
857.0,752.0,1227.0,181.0,3017.0
857.0,752.0,1227.0,181.0,3017.0
857.0,752.0,1227.0,181.0,3017.0
856.5,753.5,1227.0,181.0,3018.0
856.0,755.0,1227.0,182.0,3020.0
856.0,755.0,1227.0,182.0,3020.0
856.0,755.0,1227.0,182.0,3020.0
856.0,755.0,1227.0,182.0,3020.0
856.0,755.0,1227.0,182.0,3020.0
856.0,756.0,1227.0,182.0,3021.0
843.0,760.0,1227.0,180.0,3010.0
843.0,760.0,1227.0,180.0,3010.0
843.0,760.0,1227.0,180.0,3010.0
843.0,760.0,1227.0,180.0,3010.0
843.0,760.0,1227.0,180.0,3010.0
849.0,760.0,1227.0,180.0,3016.0
849.0,755.0,1227.0,180.0,3011.0
849.0,755.0,1227.0,180.0,3011.0
849.0,755.0,1227.0,180.0,3011.0
849.0,755.0,1227.0,180.0,3011.0
849.0,755.0,1227.0,180.0,3011.0
849.0,755.0,1227.0,180.0,3011.0
849.0,757.0,1228.0,181.0,3015.0
849.0,757.0,1228.0,181.0,3015.0
849.0,757.0,1228.0,181.0,3015.0
849.0,757.0,1228.0,181.0,3015.0
849.0,757.0,1228.0,181.0,3015.0
849.0,757.0,1228.0,181.0,3015.0
848.0,758.0,1228.0,180.0,3014.0
848.0,758.0,1228.0,180.0,3014.0
848.0,758.0,1228.0,180.0,3014.0
848.0,758.0,1228.0,180.0,3014.0
848.0,758.0,1228.0,180.0,3014.0
848.0,758.0,1228.0,180.0,3014.0
850.0,757.0,1227.0,180.0,3014.0
850.0,757.0,1228.0,180.0,3015.0
850.0,757.0,1228.0,180.0,3015.0
850.0,757.0,1228.0,180.0,3015.0
850.0,757.0,1228.0,180.0,3015.0
850.0,757.0,1228.0,180.0,3015.0
847.5,758.0,1228.0,180.0,3013.5
847.0,758.0,1228.0,180.0,3013.0
847.0,758.0,1228.0,180.0,3013.0
847.0,758.0,1228.0,180.0,3013.0
847.0,758.0,1228.0,180.0,3013.0
847.0,758.0,1228.0,180.0,3013.0
843.0,762.0,1228.0,180.0,3013.0
847.0,761.0,1228.0,180.0,3016.0
847.0,761.0,1228.0,180.0,3016.0
847.0,761.0,1228.0,180.0,3016.0
847.0,761.0,1228.0,180.0,3016.0
847.0,761.0,1228.0,180.0,3016.0
847.0,761.5,1228.0,180.0,3016.5
844.0,762.0,1228.0,180.0,3014.0
844.0,762.0,1228.0,180.0,3014.0
844.0,762.0,1228.0,180.0,3014.0
844.0,762.0,1228.0,180.0,3014.0
844.0,762.0,1228.0,180.0,3014.0
844.0,762.0,1228.0,180.0,3014.0
844.0,761.0,1228.0,180.0,3013.0
844.0,761.0,1228.0,180.0,3013.0
844.0,761.0,1228.0,180.0,3013.0
844.0,761.0,1228.0,180.0,3013.0
844.0,761.0,1228.0,180.0,3013.0
844.0,761.0,1228.0,180.0,3013.0
843.0,763.0,1228.0,180.0,3014.0
843.0,763.0,1228.0,180.0,3014.0
843.0,763.0,1228.0,180.0,3014.0
843.0,763.0,1228.0,180.0,3014.0
843.0,763.0,1228.0,180.0,3014.0
843.0,763.0,1228.0,180.0,3014.0
844.0,762.0,1228.0,180.0,3014.0
844.0,762.0,1228.0,180.0,3014.0
844.0,762.0,1228.0,180.0,3014.0
844.0,762.0,1228.0,180.0,3014.0
844.0,762.0,1228.0,180.0,3014.0
844.0,762.0,1228.0,180.0,3014.0
841.0,763.0,1229.0,180.0,3013.0
841.0,763.0,1229.0,180.0,3013.0
841.0,763.0,1229.0,180.0,3013.0
841.0,763.0,1229.0,180.0,3013.0
841.0,763.0,1229.0,180.0,3013.0
841.0,763.0,1229.0,180.0,3013.0
840.0,766.0,1229.0,179.0,3014.0
840.0,766.0,1229.0,179.0,3014.0
840.0,766.0,1229.0,179.0,3014.0
840.0,766.0,1229.0,179.0,3014.0
840.0,766.0,1229.0,179.0,3014.0
840.0,766.0,1229.0,179.0,3014.0
840.0,766.0,1229.0,179.0,3014.0
840.0,767.0,1229.0,178.0,3014.0
840.0,767.0,1229.0,178.0,3014.0
840.0,767.0,1229.0,178.0,3014.0
840.0,767.0,1229.0,178.0,3014.0
840.0,767.0,1229.0,178.0,3014.0
840.0,767.0,1229.0,178.0,3014.0
835.0,771.0,1230.0,178.0,3014.0
835.0,771.0,1230.0,178.0,3014.0
835.0,771.0,1230.0,178.0,3014.0
835.0,771.0,1230.0,178.0,3014.0
835.0,771.0,1230.0,178.0,3014.0
835.0,771.0,1230.0,178.0,3014.0
834.0,773.0,1230.0,177.0,3014.0
834.0,773.0,1230.0,177.0,3014.0
834.0,773.0,1230.0,177.0,3014.0
834.0,773.0,1230.0,177.0,3014.0
834.0,773.0,1230.0,177.0,3014.0
834.0,773.0,1230.0,177.0,3014.0
832.0,776.0,1231.0,177.0,3016.0
832.0,776.0,1231.0,177.0,3016.0
832.0,776.0,1231.0,177.0,3016.0
832.0,776.0,1231.0,177.0,3016.0
832.0,776.0,1231.0,177.0,3016.0
832.0,776.0,1231.0,177.0,3016.0
829.0,780.0,1231.0,175.0,3015.0
829.0,780.0,1231.0,175.0,3015.0
829.0,780.0,1231.0,175.0,3015.0
829.0,780.0,1231.0,175.0,3015.0
829.0,780.0,1231.0,175.0,3015.0
829.0,780.0,1231.0,175.0,3015.0
826.0,781.0,1231.0,175.0,3013.0
826.0,781.0,1231.0,175.0,3013.0
826.0,781.0,1231.0,175.0,3013.0
826.0,781.0,1231.0,175.0,3013.0
826.0,781.0,1231.0,175.0,3013.0
826.0,781.0,1231.0,175.0,3013.0
822.0,786.0,1231.5,174.0,3013.5
822.0,786.0,1233.0,174.0,3015.0
822.0,786.0,1233.0,174.0,3015.0
822.0,786.0,1233.0,174.0,3015.0
822.0,786.0,1233.0,174.0,3015.0
822.0,786.0,1233.0,174.0,3015.0
822.0,787.0,1232.0,174.0,3015.0
822.0,787.0,1232.0,174.0,3015.0
822.0,787.0,1232.0,174.0,3015.0
822.0,787.0,1232.0,174.0,3015.0
822.0,787.0,1232.0,174.0,3015.0
822.0,787.0,1232.0,174.0,3015.0
822.0,787.0,1232.0,174.0,3015.0
817.0,789.0,1234.0,173.0,3013.0
817.0,789.0,1234.0,173.0,3013.0
817.0,789.0,1234.0,173.0,3013.0
817.0,789.0,1234.0,173.0,3013.0
817.0,789.0,1234.0,173.0,3013.0
817.0,789.0,1234.0,173.0,3013.0
815.0,792.0,1235.0,172.0,3014.0
815.0,792.0,1235.0,172.0,3014.0
815.0,792.0,1235.0,172.0,3014.0
815.0,792.0,1235.0,172.0,3014.0
815.0,792.0,1235.0,172.0,3014.0
815.0,792.0,1235.0,172.0,3014.0
812.0,796.0,1234.0,171.0,3013.0
812.0,796.0,1234.0,171.0,3013.0
812.0,796.0,1234.0,171.0,3013.0
812.0,796.0,1234.0,171.0,3013.0
812.0,796.0,1234.0,171.0,3013.0
812.0,796.0,1234.0,171.0,3013.0
811.0,797.0,1235.0,171.0,3014.0
811.0,797.0,1235.0,171.0,3014.0
811.0,797.0,1235.0,171.0,3014.0
811.0,797.0,1235.0,171.0,3014.0
811.0,797.0,1235.0,171.0,3014.0
811.0,797.0,1235.0,171.0,3014.0
807.0,801.0,1237.0,170.0,3015.0
807.0,801.0,1237.0,170.0,3015.0
807.0,801.0,1237.0,170.0,3015.0
807.0,801.0,1237.0,170.0,3015.0
807.0,801.0,1237.0,170.0,3015.0
807.0,801.0,1237.0,170.0,3015.0
807.0,805.0,1238.0,169.0,3019.0
807.0,805.0,1238.0,169.0,3019.0
807.0,805.0,1238.0,169.0,3019.0
807.0,805.0,1238.0,169.0,3019.0
807.0,805.0,1238.0,169.0,3019.0
807.0,805.0,1238.0,169.0,3019.0
803.0,804.0,1238.0,169.0,3014.0
803.0,804.0,1238.0,169.0,3014.0
803.0,804.0,1238.0,169.0,3014.0
803.0,804.0,1238.0,169.0,3014.0
803.0,804.0,1238.0,169.0,3014.0
803.0,804.0,1238.0,169.0,3014.0
803.0,804.0,1238.0,169.0,3014.0
800.0,809.0,1239.0,168.0,3016.0
800.0,809.0,1239.0,168.0,3016.0
800.0,809.0,1239.0,168.0,3016.0
800.0,809.0,1239.0,168.0,3016.0
800.0,809.0,1239.0,168.0,3016.0
800.0,809.0,1239.0,168.0,3016.0
799.0,809.0,1239.0,168.0,3015.0
799.0,809.0,1239.0,168.0,3015.0
799.0,809.0,1239.0,168.0,3015.0
799.0,809.0,1239.0,168.0,3015.0
799.0,809.0,1239.0,168.0,3015.0
799.0,809.0,1239.0,168.0,3015.0
800.0,814.0,1239.0,168.0,3021.0
800.0,814.0,1239.0,168.0,3021.0
800.0,814.0,1239.0,168.0,3021.0
800.0,814.0,1239.0,168.0,3021.0
800.0,814.0,1239.0,168.0,3021.0
800.0,814.0,1239.0,168.0,3021.0
800.0,809.0,1239.5,169.0,3017.5
800.0,809.0,1240.0,169.0,3018.0
800.0,809.0,1240.0,169.0,3018.0
800.0,809.0,1240.0,169.0,3018.0
800.0,809.0,1240.0,169.0,3018.0
800.0,809.0,1240.0,169.0,3018.0
811.0,802.0,1242.0,164.0,3019.0
811.0,802.0,1244.0,164.0,3021.0
811.0,802.0,1244.0,164.0,3021.0
811.0,802.0,1244.0,164.0,3021.0
811.0,802.0,1244.0,164.0,3021.0
811.0,802.0,1244.0,164.0,3021.0
804.0,793.0,1240.0,163.0,3000.0
804.0,793.0,1245.5,163.0,3005.5
804.0,793.0,1247.0,163.0,3007.0
804.0,793.0,1247.0,163.0,3007.0
804.0,793.0,1247.0,163.0,3007.0
804.0,793.0,1247.0,163.0,3007.0
812.0,794.0,1244.0,159.0,3009.0
812.0,794.0,1244.0,159.0,3009.0
812.0,794.0,1244.0,159.0,3009.0
812.0,794.0,1244.0,159.0,3009.0
812.0,794.0,1244.0,159.0,3009.0
812.0,794.0,1244.0,159.0,3009.0
812.0,794.0,1244.0,159.0,3009.0
820.0,789.0,1247.0,156.0,3012.0
820.0,789.0,1247.0,156.0,3012.0
820.0,789.0,1247.0,156.0,3012.0
820.0,789.0,1247.0,156.0,3012.0
820.0,789.0,1247.0,156.0,3012.0
820.0,789.0,1247.0,156.0,3012.0
822.0,788.0,1247.0,153.0,3010.0
822.0,788.0,1247.0,153.0,3010.0
822.0,788.0,1247.0,153.0,3010.0
822.0,788.0,1247.0,153.0,3010.0
822.0,788.0,1247.0,153.0,3010.0
822.0,788.0,1247.0,153.0,3010.0
825.0,783.0,1250.0,152.0,3010.0
825.0,783.0,1250.0,152.0,3010.0
825.0,783.0,1250.0,152.0,3010.0
825.0,783.0,1250.0,152.0,3010.0
825.0,783.0,1250.0,152.0,3010.0
825.0,783.0,1250.0,152.0,3010.0
828.0,782.0,1251.0,150.0,3011.0
828.0,782.0,1251.0,150.0,3011.0
828.0,782.0,1251.0,150.0,3011.0
828.0,782.0,1251.0,150.0,3011.0
828.0,782.0,1251.0,150.0,3011.0
828.0,782.0,1251.0,150.0,3011.0
831.0,780.0,1252.0,149.0,3012.0
831.0,780.0,1252.0,149.0,3012.0
831.0,780.0,1252.0,149.0,3012.0
831.0,780.0,1252.0,149.0,3012.0
831.0,780.0,1252.0,149.0,3012.0
831.0,780.0,1252.0,149.0,3012.0
832.0,779.0,1253.0,147.0,3011.0
832.0,779.0,1253.0,147.0,3011.0
832.0,779.0,1253.0,147.0,3011.0
832.0,779.0,1253.0,147.0,3011.0
832.0,779.0,1253.0,147.0,3011.0
832.0,779.0,1253.0,147.0,3011.0
835.0,776.0,1253.0,147.0,3011.0
835.0,776.0,1253.0,147.0,3011.0
835.0,776.0,1253.0,147.0,3011.0
835.0,776.0,1253.0,147.0,3011.0
835.0,776.0,1253.0,147.0,3011.0
835.0,776.0,1253.0,147.0,3011.0
835.0,776.0,1253.0,147.0,3011.0
834.0,776.0,1254.0,146.0,3010.0
834.0,776.0,1254.0,146.0,3010.0
834.0,776.0,1254.0,146.0,3010.0
834.0,776.0,1254.0,146.0,3010.0
834.0,776.0,1254.0,146.0,3010.0
834.0,776.0,1254.0,146.0,3010.0
835.0,776.0,1254.0,145.0,3010.0
835.0,776.0,1254.0,145.0,3010.0
835.0,776.0,1254.0,145.0,3010.0
835.0,776.0,1254.0,145.0,3010.0
835.0,776.0,1254.0,145.0,3010.0
835.0,776.0,1254.0,145.0,3010.0
837.0,774.0,1254.0,145.0,3010.0
837.0,774.0,1254.0,145.0,3010.0
837.0,774.0,1254.0,145.0,3010.0
837.0,774.0,1254.0,145.0,3010.0
837.0,774.0,1254.0,145.0,3010.0
837.0,774.0,1254.0,145.0,3010.0
838.0,774.0,1254.0,145.0,3011.0
838.0,774.0,1254.0,145.0,3011.0
838.0,774.0,1254.0,145.0,3011.0
838.0,774.0,1254.0,145.0,3011.0
838.0,774.0,1254.0,145.0,3011.0
838.0,774.0,1254.0,145.0,3011.0
839.0,773.0,1254.0,145.0,3011.0
839.0,773.0,1253.0,145.0,3010.0
839.0,773.0,1253.0,145.0,3010.0
839.0,773.0,1253.0,145.0,3010.0
839.0,773.0,1253.0,145.0,3010.0
839.0,773.0,1253.0,145.0,3010.0
839.5,773.5,1254.0,145.0,3012.0
840.0,772.0,1254.0,145.0,3011.0
840.0,772.0,1254.0,145.0,3011.0
840.0,772.0,1254.0,145.0,3011.0
840.0,772.0,1254.0,145.0,3011.0
840.0,772.0,1254.0,145.0,3011.0
840.0,774.0,1253.0,147.0,3014.0
840.0,774.0,1253.0,147.0,3014.0
840.0,774.0,1253.0,147.0,3014.0
840.0,774.0,1253.0,147.0,3014.0
840.0,774.0,1253.0,147.0,3014.0
840.0,774.0,1253.0,147.0,3014.0
840.0,773.0,1252.0,148.0,3013.0
840.0,773.0,1252.0,148.0,3013.0
840.0,773.0,1252.0,148.0,3013.0
840.0,773.0,1252.0,148.0,3013.0
840.0,773.0,1252.0,148.0,3013.0
840.0,773.0,1252.0,148.0,3013.0
840.0,773.0,1252.0,148.0,3013.0
840.0,772.0,1251.0,149.0,3012.0
840.0,772.0,1251.0,149.0,3012.0
840.0,772.0,1251.0,149.0,3012.0
840.0,772.0,1251.0,149.0,3012.0
840.0,772.0,1251.0,149.0,3012.0
840.0,772.0,1251.0,149.0,3012.0
841.0,775.0,1249.0,150.0,3015.0
841.0,775.0,1249.0,150.0,3015.0
841.0,775.0,1249.0,150.0,3015.0
841.0,775.0,1249.0,150.0,3015.0
841.0,775.0,1249.0,150.0,3015.0
841.0,775.0,1249.0,150.0,3015.0
836.0,776.0,1248.0,152.0,3012.0
836.0,776.0,1248.0,152.0,3012.0
836.0,776.0,1248.0,152.0,3012.0
836.0,776.0,1248.0,152.0,3012.0
836.0,776.0,1248.0,152.0,3012.0
836.0,776.0,1248.0,152.0,3012.0
835.0,779.0,1246.0,154.0,3014.0
835.0,779.0,1246.0,154.0,3014.0
835.0,779.0,1246.0,154.0,3014.0
835.0,779.0,1246.0,154.0,3014.0
835.0,779.0,1246.0,154.0,3014.0
835.0,779.0,1246.0,154.0,3014.0
835.0,785.0,1245.0,154.0,3019.0
835.0,785.0,1245.0,154.0,3019.0
835.0,785.0,1245.0,154.0,3019.0
835.0,785.0,1245.0,154.0,3019.0
835.0,785.0,1245.0,154.0,3019.0
835.0,785.0,1245.0,154.0,3019.0
831.0,784.0,1242.0,157.0,3014.0
831.0,784.0,1242.0,157.0,3014.0
831.0,784.0,1242.0,157.0,3014.0
831.0,784.0,1242.0,157.0,3014.0
831.0,784.0,1242.0,157.0,3014.0
831.0,784.0,1242.0,157.0,3014.0
827.0,787.0,1240.0,160.0,3014.0
827.0,787.0,1240.0,160.0,3014.0
827.0,787.0,1240.0,160.0,3014.0
827.0,787.0,1240.0,160.0,3014.0
827.0,787.0,1240.0,160.0,3014.0
827.0,787.0,1240.0,160.0,3014.0
827.0,787.0,1240.0,160.0,3014.0
824.0,792.0,1239.0,163.0,3018.0
824.0,792.0,1239.0,163.0,3018.0
824.0,792.0,1239.0,163.0,3018.0
824.0,792.0,1239.0,163.0,3018.0
824.0,792.0,1239.0,163.0,3018.0
824.0,792.0,1239.0,163.0,3018.0
821.0,793.0,1235.0,165.0,3014.0
821.0,793.0,1235.0,165.0,3014.0
821.0,793.0,1235.0,165.0,3014.0
821.0,793.0,1235.0,165.0,3014.0
821.0,793.0,1235.0,165.0,3014.0
821.0,793.0,1235.0,165.0,3014.0
818.0,798.0,1231.0,169.0,3016.0
818.0,798.0,1231.0,169.0,3016.0
818.0,798.0,1231.0,169.0,3016.0
818.0,798.0,1231.0,169.0,3016.0
818.0,798.0,1231.0,169.0,3016.0
818.0,798.0,1231.0,169.0,3016.0
815.0,805.0,1227.0,174.0,3021.0
815.0,805.0,1227.0,174.0,3021.0
815.0,805.0,1227.0,174.0,3021.0
815.0,805.0,1227.0,174.0,3021.0
815.0,805.0,1227.0,174.0,3021.0
815.0,805.0,1227.0,174.0,3021.0
811.0,805.0,1224.0,178.0,3018.0
811.0,805.0,1224.0,178.0,3018.0
811.0,805.0,1224.0,178.0,3018.0
811.0,805.0,1224.0,178.0,3018.0
811.0,805.0,1224.0,178.0,3018.0
811.0,805.0,1224.0,178.0,3018.0
812.0,814.0,1219.0,185.0,3030.0
803.0,814.0,1219.0,185.0,3021.0
803.0,814.0,1219.0,185.0,3021.0
803.0,814.0,1219.0,185.0,3021.0
803.0,814.0,1219.0,185.0,3021.0
803.0,814.0,1219.0,185.0,3021.0
812.0,820.0,1214.0,187.0,3033.0
812.0,820.0,1214.0,187.0,3033.0
812.0,820.0,1214.0,187.0,3033.0
812.0,820.0,1214.0,187.0,3033.0
812.0,820.0,1214.0,187.0,3033.0
812.0,820.0,1214.0,187.0,3033.0
812.0,820.0,1214.0,187.0,3033.0
794.0,823.0,1207.0,195.0,3019.0
785.0,823.0,1207.0,195.0,3010.0
785.0,823.0,1207.0,195.0,3010.0
785.0,823.0,1207.0,195.0,3010.0
785.0,823.0,1207.0,195.0,3010.0
785.0,823.0,1207.0,195.0,3010.0
781.0,829.0,1203.0,203.0,3016.0
777.0,829.0,1203.0,203.0,3012.0
777.0,829.0,1203.0,203.0,3012.0
777.0,829.0,1203.0,203.0,3012.0
777.0,829.0,1203.0,203.0,3012.0
777.0,829.0,1203.0,203.0,3012.0
785.0,835.0,1195.0,199.0,3014.0
785.0,835.0,1195.0,203.0,3018.0
785.0,835.0,1195.0,203.0,3018.0
785.0,835.0,1195.0,203.0,3018.0
785.0,835.0,1195.0,203.0,3018.0
785.0,835.0,1195.0,203.0,3018.0
777.0,841.0,1186.0,206.0,3010.0
777.0,841.0,1186.0,206.0,3010.0
777.0,841.0,1186.0,206.0,3010.0
777.0,841.0,1186.0,206.0,3010.0
777.0,841.0,1186.0,206.0,3010.0
777.0,841.0,1186.0,206.0,3010.0
774.0,847.0,1175.0,222.5,3018.5
774.0,847.0,1175.0,239.0,3035.0
774.0,847.0,1175.0,239.0,3035.0
774.0,847.0,1175.0,239.0,3035.0
774.0,847.0,1175.0,239.0,3035.0
774.0,847.0,1175.0,239.0,3035.0
765.0,860.0,1163.0,239.0,3027.0
765.0,860.0,1163.0,239.0,3027.0
765.0,860.0,1163.0,239.0,3027.0
765.0,860.0,1163.0,239.0,3027.0
765.0,860.0,1163.0,239.0,3027.0
765.0,860.0,1163.0,239.0,3027.0
767.0,855.0,1151.0,268.0,3041.0
767.0,855.0,1151.0,268.0,3041.0
767.0,855.0,1151.0,268.0,3041.0
767.0,855.0,1151.0,268.0,3041.0
767.0,855.0,1151.0,268.0,3041.0
767.0,855.0,1151.0,268.0,3041.0
767.0,855.0,1151.0,268.0,3041.0
779.0,882.0,1126.0,275.0,3062.0
779.0,882.0,1126.0,275.0,3062.0
779.0,882.0,1126.0,275.0,3062.0
779.0,882.0,1126.0,275.0,3062.0
779.0,882.0,1126.0,275.0,3062.0
779.0,882.0,1126.0,275.0,3062.0
745.0,887.0,1129.0,280.0,3041.0
725.0,887.0,1126.0,280.0,3018.0
725.0,887.0,1126.0,280.0,3018.0
725.0,887.0,1126.0,280.0,3018.0
725.0,887.0,1126.0,280.0,3018.0
725.0,887.0,1126.0,280.0,3018.0
724.5,894.0,1126.0,278.0,3022.5
724.0,894.0,1126.0,278.0,3022.0
724.0,894.0,1126.0,278.0,3022.0
724.0,894.0,1126.0,278.0,3022.0
724.0,894.0,1126.0,278.0,3022.0
724.0,894.0,1126.0,278.0,3022.0
725.0,893.0,1125.0,279.0,3022.0
725.0,893.0,1125.0,279.0,3022.0
725.0,893.0,1125.0,279.0,3022.0
725.0,893.0,1125.0,279.0,3022.0
725.0,893.0,1125.0,279.0,3022.0
725.0,893.0,1125.0,279.0,3022.0
724.0,891.0,1126.0,278.0,3019.0
724.0,891.0,1126.0,278.0,3019.0
724.0,891.0,1126.0,278.0,3019.0
724.0,891.0,1126.0,278.0,3019.0
724.0,891.0,1126.0,278.0,3019.0
724.0,891.0,1126.0,278.0,3019.0
721.0,895.0,1129.0,279.0,3024.0
721.0,895.0,1129.0,274.0,3019.0
721.0,895.0,1129.0,274.0,3019.0
721.0,895.0,1129.0,274.0,3019.0
721.0,895.0,1129.0,274.0,3019.0
721.0,895.0,1129.0,274.0,3019.0
717.0,893.5,1125.5,284.0,3020.0
722.0,893.0,1125.0,284.0,3024.0
723.0,893.0,1125.0,284.0,3025.0
723.0,893.0,1125.0,284.0,3025.0
723.0,893.0,1125.0,284.0,3025.0
723.0,893.0,1125.0,284.0,3025.0
723.0,892.0,1119.0,292.0,3026.0
723.0,880.0,1119.0,292.0,3014.0
723.0,880.0,1119.0,292.0,3014.0
723.0,880.0,1119.0,292.0,3014.0
723.0,880.0,1119.0,292.0,3014.0
723.0,880.0,1119.0,292.0,3014.0
723.0,880.0,1119.0,292.0,3014.0
723.0,895.0,1121.0,288.0,3027.0
723.0,895.0,1121.0,288.0,3027.0
723.0,895.0,1121.0,288.0,3027.0
723.0,895.0,1121.0,288.0,3027.0
723.0,895.0,1121.0,288.0,3027.0
723.0,895.0,1121.0,288.0,3027.0
746.0,871.0,1118.0,291.0,3026.0
746.0,871.0,1115.0,291.0,3023.0
746.0,871.0,1115.0,291.0,3023.0
746.0,871.0,1115.0,291.0,3023.0
746.0,871.0,1115.0,291.0,3023.0
746.0,871.0,1115.0,291.0,3023.0
748.0,862.0,1117.0,290.0,3017.0
748.0,862.0,1117.0,290.0,3017.0
748.0,862.0,1117.0,290.0,3017.0
748.0,862.0,1117.0,290.0,3017.0
748.0,862.0,1117.0,290.0,3017.0
748.0,862.0,1117.0,290.0,3017.0
762.0,857.0,1116.0,288.0,3023.0
762.0,857.0,1116.0,288.0,3023.0
762.0,857.0,1116.0,288.0,3023.0
762.0,857.0,1116.0,288.0,3023.0
762.0,857.0,1116.0,288.0,3023.0
762.0,857.0,1116.0,288.0,3023.0
778.0,837.0,1116.0,293.0,3024.0
778.0,837.0,1116.0,293.0,3024.0
778.0,837.0,1116.0,293.0,3024.0
778.0,837.0,1116.0,293.0,3024.0
778.0,837.0,1116.0,293.0,3024.0
778.0,837.0,1116.0,293.0,3024.0
813.0,804.0,1107.0,303.0,3027.0
813.0,804.0,1107.0,303.0,3027.0
813.0,804.0,1107.0,303.0,3027.0
813.0,804.0,1107.0,303.0,3027.0
813.0,804.0,1107.0,303.0,3027.0
813.0,804.0,1107.0,303.0,3027.0
819.0,801.0,1103.0,298.0,3021.0
819.0,801.0,1103.0,298.0,3021.0
819.0,801.0,1103.0,298.0,3021.0
819.0,801.0,1103.0,298.0,3021.0
819.0,801.0,1103.0,298.0,3021.0
819.0,801.0,1103.0,298.0,3021.0
819.0,801.0,1103.0,298.0,3021.0
813.0,809.0,1103.0,302.0,3027.0
813.0,809.0,1103.0,302.0,3027.0
813.0,809.0,1103.0,302.0,3027.0
813.0,809.0,1103.0,302.0,3027.0
813.0,809.0,1103.0,302.0,3027.0
816.0,806.5,1103.0,302.0,3027.5
820.0,809.0,1094.0,313.0,3036.0
820.0,809.0,1094.0,313.0,3036.0
820.0,809.0,1094.0,313.0,3036.0
820.0,809.0,1094.0,313.0,3036.0
820.0,809.0,1094.0,313.0,3036.0
820.0,809.0,1094.0,313.0,3036.0
808.0,811.0,1093.0,318.0,3030.0
808.0,811.0,1093.0,318.0,3030.0
808.0,811.0,1093.0,318.0,3030.0
808.0,811.0,1093.0,318.0,3030.0
808.0,811.0,1093.0,318.0,3030.0
808.0,811.0,1093.0,318.0,3030.0
820.0,802.0,1089.0,321.0,3032.0
820.0,802.0,1089.0,321.0,3032.0
820.0,802.0,1089.0,321.0,3032.0
820.0,802.0,1089.0,321.0,3032.0
820.0,802.0,1089.0,321.0,3032.0
820.0,802.0,1089.0,321.0,3032.0
831.0,795.0,1086.0,321.0,3033.0
831.0,795.0,1086.0,321.0,3033.0
831.0,795.0,1086.0,321.0,3033.0
831.0,795.0,1086.0,321.0,3033.0
831.0,795.0,1086.0,321.0,3033.0
831.0,795.0,1086.0,321.0,3033.0
833.0,792.0,1086.0,322.0,3033.0
833.0,792.0,1086.0,322.0,3033.0
833.0,792.0,1086.0,322.0,3033.0
833.0,792.0,1086.0,322.0,3033.0
833.0,792.0,1086.0,322.0,3033.0
833.0,792.0,1086.0,322.0,3033.0
839.0,784.0,1086.0,322.0,3031.0
839.0,784.0,1086.0,322.0,3031.0
839.0,784.0,1086.0,322.0,3031.0
839.0,784.0,1086.0,322.0,3031.0
839.0,784.0,1086.0,322.0,3031.0
839.0,784.0,1086.0,322.0,3031.0
839.0,784.0,1086.0,322.0,3031.0
844.0,781.0,1086.0,324.0,3035.0
844.0,781.0,1086.0,324.0,3035.0
844.0,781.0,1086.0,324.0,3035.0
844.0,781.0,1086.0,324.0,3035.0
844.0,781.0,1086.0,324.0,3035.0
844.0,781.0,1086.0,324.0,3035.0
847.0,780.0,1082.0,328.0,3037.0
847.0,780.0,1082.0,328.0,3037.0
847.0,780.0,1082.0,328.0,3037.0
847.0,780.0,1082.0,328.0,3037.0
847.0,780.0,1082.0,328.0,3037.0
847.0,780.0,1082.0,328.0,3037.0
851.0,770.0,1080.0,329.0,3030.0
851.0,770.0,1080.0,329.0,3030.0
851.0,770.0,1080.0,329.0,3030.0
851.0,770.0,1080.0,329.0,3030.0
851.0,770.0,1080.0,329.0,3030.0
851.0,770.0,1080.0,329.0,3030.0
855.0,765.0,1078.0,331.0,3029.0
855.0,765.0,1078.0,331.0,3029.0
855.0,765.0,1078.0,331.0,3029.0
855.0,765.0,1078.0,331.0,3029.0
855.0,765.0,1078.0,331.0,3029.0
855.0,765.0,1078.0,331.0,3029.0
859.0,756.0,1077.0,332.0,3024.0
859.0,756.0,1077.0,332.0,3024.0
859.0,756.0,1077.0,332.0,3024.0
859.0,756.0,1077.0,332.0,3024.0
859.0,756.0,1077.0,332.0,3024.0
859.0,756.0,1077.0,332.0,3024.0
871.0,753.0,1075.0,333.0,3032.0
871.0,753.0,1075.0,333.0,3032.0
871.0,753.0,1075.0,333.0,3032.0
871.0,753.0,1075.0,333.0,3032.0
871.0,753.0,1075.0,333.0,3032.0
871.0,753.0,1075.0,333.0,3032.0
882.0,733.0,1073.0,335.0,3023.0
882.0,733.0,1073.0,335.0,3023.0
882.0,733.0,1073.0,335.0,3023.0
882.0,733.0,1073.0,335.0,3023.0
882.0,733.0,1073.0,335.0,3023.0
882.0,733.0,1073.0,335.0,3023.0
893.0,724.0,1071.0,336.0,3024.0
893.0,724.0,1071.0,336.0,3024.0
893.0,724.0,1071.0,336.0,3024.0
893.0,724.0,1071.0,336.0,3024.0
893.0,724.0,1071.0,336.0,3024.0
893.0,724.0,1071.0,336.0,3024.0
893.0,724.0,1071.0,336.0,3024.0
882.0,718.0,1070.0,335.0,3005.0
882.0,718.0,1070.0,335.0,3005.0
882.0,718.0,1070.0,335.0,3005.0
882.0,718.0,1070.0,335.0,3005.0
882.0,718.0,1070.0,335.0,3005.0
887.5,718.0,1070.0,335.0,3010.5
893.0,708.0,1073.0,339.0,3013.0
893.0,708.0,1073.0,339.0,3013.0
893.0,708.0,1073.0,339.0,3013.0
893.0,708.0,1073.0,339.0,3013.0
893.0,708.0,1073.0,339.0,3013.0
893.0,708.0,1073.0,339.0,3013.0
944.0,703.5,1068.5,341.0,3057.0
944.0,699.0,1059.0,343.0,3045.0
944.0,699.0,1059.0,343.0,3045.0
944.0,699.0,1059.0,343.0,3045.0
944.0,699.0,1059.0,343.0,3045.0
944.0,699.0,1059.0,343.0,3045.0
925.5,690.5,1064.5,343.0,3023.5
933.0,682.0,1062.0,343.0,3020.0
933.0,682.0,1062.0,343.0,3020.0
933.0,682.0,1062.0,343.0,3020.0
933.0,682.0,1062.0,343.0,3020.0
933.0,682.0,1062.0,343.0,3020.0
918.0,699.0,1067.0,343.0,3027.0
918.0,699.0,1067.0,343.0,3027.0
944.0,699.0,1067.0,343.0,3053.0
944.0,699.0,1067.0,343.0,3053.0
944.0,699.0,1067.0,343.0,3053.0
944.0,699.0,1067.0,343.0,3053.0
953.0,682.0,1057.0,343.0,3035.0
953.0,682.0,1061.0,343.0,3039.0
953.0,682.0,1060.0,343.0,3038.0
953.0,682.0,1060.0,343.0,3038.0
953.0,682.0,1060.0,343.0,3038.0
953.0,682.0,1060.0,343.0,3038.0
945.0,680.0,1062.0,348.0,3035.0
945.0,680.0,1062.0,348.0,3035.0
945.0,680.0,1062.0,348.0,3035.0
945.0,680.0,1062.0,348.0,3035.0
945.0,680.0,1062.0,348.0,3035.0
945.0,680.0,1062.0,348.0,3035.0
933.0,680.0,1062.0,348.0,3023.0
945.0,682.0,1062.0,347.0,3036.0
945.0,682.0,1062.0,347.0,3036.0
945.0,682.0,1062.0,347.0,3036.0
945.0,682.0,1062.0,347.0,3036.0
945.0,682.0,1062.0,347.0,3036.0
945.0,682.0,1062.0,347.0,3036.0
947.0,678.0,1060.0,347.0,3032.0
947.0,678.0,1060.0,347.0,3032.0
947.0,678.0,1060.0,347.0,3032.0
947.0,678.0,1060.0,347.0,3032.0
947.0,678.0,1060.0,347.0,3032.0
947.0,678.0,1060.0,347.0,3032.0
944.0,678.0,1061.0,348.0,3031.0
944.0,678.0,1061.0,348.0,3031.0
944.0,678.0,1061.0,348.0,3031.0
944.0,678.0,1061.0,348.0,3031.0
944.0,678.0,1061.0,348.0,3031.0
944.0,678.0,1061.0,348.0,3031.0
944.0,679.0,1061.0,347.0,3031.0
944.0,679.0,1061.0,347.0,3031.0
944.0,679.0,1061.0,347.0,3031.0
944.0,679.0,1061.0,347.0,3031.0
944.0,679.0,1061.0,347.0,3031.0
944.0,679.0,1061.0,347.0,3031.0
947.0,677.0,1060.0,347.0,3031.0
947.0,677.0,1060.0,347.0,3031.0
947.0,677.0,1060.0,347.0,3031.0
947.0,677.0,1060.0,347.0,3031.0
947.0,677.0,1060.0,347.0,3031.0
947.0,677.0,1060.0,347.0,3031.0
944.0,678.0,1060.0,347.0,3029.0
944.0,678.0,1060.0,348.0,3030.0
944.0,678.0,1060.0,348.0,3030.0
944.0,678.0,1060.0,348.0,3030.0
944.0,678.0,1060.0,348.0,3030.0
944.0,678.0,1060.0,348.0,3030.0
951.0,676.0,1061.0,348.0,3036.0
951.0,676.0,1061.0,348.0,3036.0
951.0,676.0,1061.0,348.0,3036.0
951.0,676.0,1061.0,348.0,3036.0
951.0,676.0,1061.0,348.0,3036.0
951.0,676.0,1061.0,348.0,3036.0
951.0,676.0,1061.0,348.0,3036.0
944.0,677.0,1059.0,347.0,3027.0
944.0,677.0,1059.0,347.0,3027.0
944.0,677.0,1059.0,347.0,3027.0
944.0,677.0,1059.0,347.0,3027.0
944.0,677.0,1059.0,347.0,3027.0
944.0,677.0,1059.0,347.0,3027.0
942.0,677.0,1060.0,347.0,3026.0
940.0,677.0,1060.0,347.0,3024.0
940.0,677.0,1060.0,347.0,3024.0
940.0,677.0,1060.0,347.0,3024.0
940.0,677.0,1060.0,347.0,3024.0
940.0,677.0,1060.5,347.0,3024.5
936.0,677.0,1061.0,346.0,3020.0
936.0,677.0,1061.0,342.0,3016.0
936.0,677.0,1061.0,342.0,3016.0
936.0,677.0,1061.0,342.0,3016.0
936.0,677.0,1061.0,342.0,3016.0
936.0,677.0,1061.0,342.0,3016.0
944.0,686.0,1057.0,344.0,3031.0
944.0,686.0,1057.0,344.0,3031.0
944.0,686.0,1057.0,344.0,3031.0
944.0,686.0,1057.0,344.0,3031.0
944.0,686.0,1057.0,344.0,3031.0
944.0,686.0,1057.0,344.0,3031.0
940.0,682.0,1061.0,344.0,3027.0
940.0,682.0,1061.0,344.0,3027.0
940.0,682.0,1061.0,344.0,3027.0
940.0,682.0,1061.0,344.0,3027.0
940.0,682.0,1061.0,344.0,3027.0
940.0,682.0,1061.0,344.0,3027.0
939.0,686.0,1061.0,342.0,3028.0
939.0,686.0,1061.0,342.0,3028.0
939.0,686.0,1061.0,342.0,3028.0
939.0,686.0,1061.0,342.0,3028.0
939.0,686.0,1061.0,342.0,3028.0
939.0,686.0,1061.0,342.0,3028.0
939.0,686.0,1061.0,337.0,3023.0
939.5,684.0,1082.0,337.0,3042.5
940.0,682.0,1082.0,337.0,3041.0
940.0,682.0,1082.0,337.0,3041.0
940.0,682.0,1082.0,337.0,3041.0
940.0,682.0,1082.0,337.0,3041.0
916.0,712.0,1082.0,337.0,3047.0
924.0,688.0,1064.0,367.0,3043.0
924.0,688.0,1064.0,367.0,3043.0
924.0,688.0,1064.0,367.0,3043.0
924.0,688.0,1064.0,367.0,3043.0
924.0,688.0,1064.0,367.0,3043.0
924.0,688.0,1064.0,367.0,3043.0
1015.0,592.0,1014.0,407.0,3028.0
1015.0,592.0,1014.0,407.0,3028.0
1015.0,592.0,1014.0,407.0,3028.0
1015.0,592.0,1014.0,407.0,3028.0
1015.0,592.0,1014.0,407.0,3028.0
1015.0,592.0,1014.0,407.0,3028.0
1062.0,539.0,983.0,445.0,3029.0
1062.0,539.0,983.0,445.0,3029.0
1062.0,539.0,983.0,445.0,3029.0
1062.0,539.0,983.0,445.0,3029.0
1062.0,539.0,983.0,445.0,3029.0
1062.0,539.0,983.0,445.0,3029.0
1097.0,535.0,955.0,455.0,3042.0
1097.0,535.0,955.0,455.0,3042.0
1097.0,535.0,955.0,455.0,3042.0
1097.0,535.0,955.0,455.0,3042.0
1097.0,535.0,955.0,455.0,3042.0
1097.0,535.0,955.0,455.0,3042.0
1123.0,493.0,934.0,556.0,3106.0
1123.0,493.0,934.0,556.0,3106.0
1123.0,493.0,934.0,556.0,3106.0
1123.0,493.0,934.0,556.0,3106.0
1123.0,493.0,934.0,556.0,3106.0
1123.0,493.0,934.0,556.0,3106.0
1103.0,468.0,983.0,445.0,2999.0
1103.0,468.0,983.0,445.0,2999.0
1103.0,468.0,983.0,445.0,2999.0
1103.0,468.0,983.0,445.0,2999.0
