COPx,COPy
237.8915171288744,124.78629690048939
237.8915171288744,124.78629690048939
237.8915171288744,124.78629690048939
237.8915171288744,124.78629690048939
237.8915171288744,124.78629690048939
237.8915171288744,124.78629690048939
237.8915171288744,124.78629690048939
237.8915171288744,124.78629690048939
237.8915171288744,124.78629690048939
237.8915171288744,124.78629690048939
237.8915171288744,124.78629690048939
237.8915171288744,124.78629690048939
237.8915171288744,124.78629690048939
237.8915171288744,124.78629690048939
237.8915171288744,124.78629690048939
237.8915171288744,124.78629690048939
237.8915171288744,124.78629690048939
237.8915171288744,124.78629690048939
237.8915171288744,124.78629690048939
237.8915171288744,124.78629690048939
237.8915171288744,124.78629690048939
237.8915171288744,124.78629690048939
237.8915171288744,124.78629690048939
237.8915171288744,124.78629690048939
237.8915171288744,124.78629690048939
237.8915171288744,124.78629690048939
237.8915171288744,124.78629690048939
237.8915171288744,124.78629690048939
237.8915171288744,124.78629690048939
237.8915171288744,124.78629690048939
237.8915171288744,124.78629690048939
237.8915171288744,124.78629690048939
237.8915171288744,124.78629690048939
237.8915171288744,124.78629690048939
237.8915171288744,124.78629690048939
237.8915171288744,124.78629690048939
237.8915171288744,124.78629690048939
237.8915171288744,124.78629690048939
237.8915171288744,124.78629690048939
237.8915171288744,124.78629690048939
237.8915171288744,124.78629690048939
237.8915171288744,124.78629690048939
237.69763651181745,124.68459657701712
237.69763651181745,124.68459657701712
237.69763651181745,124.68459657701712
237.69763651181745,124.68459657701712
237.69763651181745,124.68459657701712
237.69763651181745,124.68459657701712
237.69763651181745,124.68459657701712
237.69763651181745,124.68459657701712
237.69763651181745,124.68459657701712
237.69763651181745,124.68459657701712
237.69763651181745,124.68459657701712
237.69763651181745,124.68459657701712
237.69763651181745,124.68459657701712
237.69763651181745,124.68459657701712
237.69763651181745,124.68459657701712
237.69763651181745,124.68459657701712
237.69763651181745,124.68459657701712
237.69763651181745,124.68459657701712
237.69763651181745,124.68459657701712
237.69763651181745,124.68459657701712
237.69763651181745,124.68459657701712
237.69763651181745,124.68459657701712
237.69763651181745,124.68459657701712
237.69763651181745,124.68459657701712
237.69763651181745,124.68459657701712
237.69763651181745,124.68459657701712
237.69763651181745,124.68459657701712
237.69763651181745,124.68459657701712
237.69763651181745,124.68459657701712
237.69763651181745,124.68459657701712
237.69763651181745,124.68459657701712
237.69763651181745,124.68459657701712
237.69763651181745,124.68459657701712
237.69763651181745,124.68459657701712
237.69763651181745,124.68459657701712
237.69763651181745,124.68459657701712
237.69763651181745,124.68459657701712
237.8915171288744,124.78629690048939
237.8915171288744,124.78629690048939
237.8915171288744,124.78629690048939
237.8915171288744,124.78629690048939
237.8915171288744,124.78629690048939
237.8915171288744,124.78629690048939
237.8915171288744,124.78629690048939
237.8915171288744,124.78629690048939
237.8915171288744,124.78629690048939
237.8915171288744,124.78629690048939
237.8915171288744,124.78629690048939
237.8915171288744,124.78629690048939
237.8915171288744,124.78629690048939
237.8915171288744,124.78629690048939
237.8915171288744,124.78629690048939
237.8915171288744,124.78629690048939
237.8915171288744,124.78629690048939
237.8915171288744,124.78629690048939
237.8915171288744,124.78629690048939
237.8915171288744,124.78629690048939
237.8915171288744,124.78629690048939
237.8915171288744,124.78629690048939
237.8915171288744,124.78629690048939
237.8915171288744,124.78629690048939
237.8915171288744,124.78629690048939
237.69763651181745,124.68459657701712
237.69763651181745,124.68459657701712
237.69763651181745,124.68459657701712
237.69763651181745,124.68459657701712
237.69763651181745,124.68459657701712
237.69763651181745,124.68459657701712
237.8915171288744,124.78629690048939
237.8915171288744,124.78629690048939
237.8915171288744,124.78629690048939
237.8915171288744,124.78629690048939
237.8915171288744,124.78629690048939
237.8915171288744,124.78629690048939
237.69763651181745,124.68459657701712
237.69763651181745,124.68459657701712
237.69763651181745,124.68459657701712
237.69763651181745,124.68459657701712
237.69763651181745,124.68459657701712
237.69763651181745,124.68459657701712
237.79453730126374,124.73542600896862
237.69763651181745,124.68459657701712
237.69763651181745,124.68459657701712
237.69763651181745,124.68459657701712
237.69763651181745,124.68459657701712
237.69763651181745,124.68459657701712
237.69763651181745,124.68459657701712
237.69763651181745,124.68459657701712
237.69763651181745,124.68459657701712
237.69763651181745,124.68459657701712
237.69763651181745,124.68459657701712
237.69763651181745,124.68459657701712
237.69763651181745,124.68459657701712
237.69763651181745,124.68459657701712
237.69763651181745,124.68459657701712
237.69763651181745,124.68459657701712
237.69763651181745,124.68459657701712
237.69763651181745,124.68459657701712
237.69763651181745,124.68459657701712
237.69763651181745,124.68459657701712
237.69763651181745,124.68459657701712
237.69763651181745,124.68459657701712
237.69763651181745,124.68459657701712
237.69763651181745,124.68459657701712
237.69763651181745,124.68459657701712
237.69763651181745,124.68459657701712
237.69763651181745,124.68459657701712
237.69763651181745,124.68459657701712
237.69763651181745,124.68459657701712
237.69763651181745,124.68459657701712
237.69763651181745,124.68459657701712
237.69763651181745,124.68459657701712
237.69763651181745,124.68459657701712
237.69763651181745,124.68459657701712
237.69763651181745,124.68459657701712
237.69763651181745,124.68459657701712
237.69763651181745,124.68459657701712
237.69763651181745,124.68459657701712
237.69763651181745,124.68459657701712
237.69763651181745,124.68459657701712
237.69763651181745,124.68459657701712
237.69763651181745,124.68459657701712
237.69763651181745,124.68459657701712
237.69763651181745,124.68459657701712
237.69763651181745,124.68459657701712
237.69763651181745,124.68459657701712
237.69763651181745,124.68459657701712
237.69763651181745,124.68459657701712
237.69763651181745,124.68459657701712
237.69763651181745,124.68459657701712
237.69763651181745,124.68459657701712
237.69763651181745,124.68459657701712
237.69763651181745,124.68459657701712
237.69763651181745,124.68459657701712
237.69763651181745,124.68459657701712
237.69763651181745,124.68459657701712
237.69763651181745,124.68459657701712
237.69763651181745,124.68459657701712
237.69763651181745,124.68459657701712
237.69763651181745,124.68459657701712
237.69763651181745,124.68459657701712
237.69763651181745,124.68459657701712
237.69763651181745,124.68459657701712
237.69763651181745,124.68459657701712
237.69763651181745,124.68459657701712
237.69763651181745,124.68459657701712
237.69763651181745,124.68459657701712
237.69763651181745,124.68459657701712
237.69763651181745,124.68459657701712
237.69763651181745,124.68459657701712
237.69763651181745,124.68459657701712
237.69763651181745,124.68459657701712
237.69763651181745,124.68459657701712
237.69763651181745,124.68459657701712
237.69763651181745,124.68459657701712
237.69763651181745,124.68459657701712
237.69763651181745,124.68459657701712
237.69763651181745,124.68459657701712
237.69763651181745,124.68459657701712
237.69763651181745,124.68459657701712
237.69763651181745,124.68459657701712
237.69763651181745,124.68459657701712
237.69763651181745,124.68459657701712
237.69763651181745,124.68459657701712
237.69763651181745,124.68459657701712
237.69763651181745,124.68459657701712
237.69763651181745,124.68459657701712
237.69763651181745,124.68459657701712
237.69763651181745,124.68459657701712
237.69763651181745,124.68459657701712
237.69763651181745,124.68459657701712
237.69763651181745,124.68459657701712
237.69763651181745,124.68459657701712
237.69763651181745,124.68459657701712
237.69763651181745,124.68459657701712
237.69763651181745,124.68459657701712
237.69763651181745,124.68459657701712
237.69763651181745,124.68459657701712
237.69763651181745,124.68459657701712
237.69763651181745,124.68459657701712
237.69763651181745,124.68459657701712
237.69763651181745,124.68459657701712
237.69763651181745,124.68459657701712
237.69763651181745,124.68459657701712
237.69763651181745,124.68459657701712
237.69763651181745,124.68459657701712
237.69763651181745,124.68459657701712
237.69763651181745,124.68459657701712
237.69763651181745,124.68459657701712
237.69763651181745,124.68459657701712
237.69763651181745,124.68459657701712
237.69763651181745,124.68459657701712
237.69763651181745,124.68459657701712
237.69763651181745,124.68459657701712
237.69763651181745,124.68459657701712
237.69763651181745,124.68459657701712
237.69763651181745,124.68459657701712
237.69763651181745,124.68459657701712
237.69763651181745,124.68459657701712
237.69763651181745,124.68459657701712
237.69763651181745,124.68459657701712
237.69763651181745,124.68459657701712
237.69763651181745,124.68459657701712
237.69763651181745,124.68459657701712
237.69763651181745,124.68459657701712
237.69763651181745,124.68459657701712
237.69763651181745,124.68459657701712
237.69763651181745,124.68459657701712
237.69763651181745,124.68459657701712
237.69763651181745,124.68459657701712
237.69763651181745,124.68459657701712
237.69763651181745,124.68459657701712
237.69763651181745,124.68459657701712
237.69763651181745,124.68459657701712
237.69763651181745,124.68459657701712
237.69763651181745,124.68459657701712
237.69763651181745,124.68459657701712
237.69763651181745,124.68459657701712
237.69763651181745,124.68459657701712
237.69763651181745,124.68459657701712
237.69763651181745,124.68459657701712
237.69763651181745,124.68459657701712
237.69763651181745,124.68459657701712
237.69763651181745,124.68459657701712
237.69763651181745,124.68459657701712
237.69763651181745,124.68459657701712
237.69763651181745,124.68459657701712
237.69763651181745,124.68459657701712
237.69763651181745,124.68459657701712
237.69763651181745,124.68459657701712
237.69763651181745,124.68459657701712
237.69763651181745,124.68459657701712
237.69763651181745,124.68459657701712
237.69763651181745,124.68459657701712
237.69763651181745,124.68459657701712
237.69763651181745,124.68459657701712
237.69763651181745,124.68459657701712
237.69763651181745,124.68459657701712
237.69763651181745,124.68459657701712
237.69763651181745,124.68459657701712
237.69763651181745,124.68459657701712
237.69763651181745,124.68459657701712
237.69763651181745,124.68459657701712
237.69763651181745,124.68459657701712
237.69763651181745,124.68459657701712
237.69763651181745,124.68459657701712
237.69763651181745,124.68459657701712
237.69763651181745,124.68459657701712
237.69763651181745,124.68459657701712
237.69763651181745,124.68459657701712
237.69763651181745,124.68459657701712
237.69763651181745,124.68459657701712
237.69763651181745,124.68459657701712
237.69763651181745,124.68459657701712
237.69763651181745,124.68459657701712
237.69763651181745,124.68459657701712
237.69763651181745,124.68459657701712
237.69763651181745,124.68459657701712
237.69763651181745,124.68459657701712
237.69763651181745,124.68459657701712
237.69763651181745,124.68459657701712
237.69763651181745,124.68459657701712
237.69763651181745,124.68459657701712
237.69763651181745,124.68459657701712
237.69763651181745,124.68459657701712
237.69763651181745,124.68459657701712
237.69763651181745,124.68459657701712
237.69763651181745,124.68459657701712
237.69763651181745,124.68459657701712
237.69763651181745,124.68459657701712
237.69763651181745,124.68459657701712
237.69763651181745,124.68459657701712
237.69763651181745,124.68459657701712
237.69763651181745,124.68459657701712
237.69763651181745,124.68459657701712
237.69763651181745,124.68459657701712
237.69763651181745,124.68459657701712
237.69763651181745,124.68459657701712
237.69763651181745,124.68459657701712
237.69763651181745,124.68459657701712
237.69763651181745,124.68459657701712
237.69763651181745,124.68459657701712
237.69763651181745,124.68459657701712
237.69763651181745,124.68459657701712
237.69763651181745,124.68459657701712
237.69763651181745,124.68459657701712
237.69763651181745,124.68459657701712
237.69763651181745,124.68459657701712
237.69763651181745,124.68459657701712
237.69763651181745,124.68459657701712
237.69763651181745,124.68459657701712
237.69763651181745,124.68459657701712
237.69763651181745,124.68459657701712
237.69763651181745,124.68459657701712
237.69763651181745,124.68459657701712
237.69763651181745,124.68459657701712
237.69763651181745,124.68459657701712
237.69763651181745,124.68459657701712
237.69763651181745,124.68459657701712
237.69763651181745,124.68459657701712
237.69763651181745,124.68459657701712
237.69763651181745,124.68459657701712
237.69763651181745,124.68459657701712
237.69763651181745,124.68459657701712
237.69763651181745,124.68459657701712
237.69763651181745,124.68459657701712
237.69763651181745,124.68459657701712
237.69763651181745,124.68459657701712
237.69763651181745,124.68459657701712
237.69763651181745,124.68459657701712
237.69763651181745,124.68459657701712
237.69763651181745,124.68459657701712
237.69763651181745,124.68459657701712
237.69763651181745,124.68459657701712
237.69763651181745,124.68459657701712
237.69763651181745,124.68459657701712
237.69763651181745,124.68459657701712
237.69763651181745,124.68459657701712
237.69763651181745,124.68459657701712
237.69763651181745,124.68459657701712
237.69763651181745,124.68459657701712
237.69763651181745,124.68459657701712
237.69763651181745,124.68459657701712
237.69763651181745,124.68459657701712
237.69763651181745,124.68459657701712
237.69763651181745,124.68459657701712
237.69763651181745,124.68459657701712
237.69763651181745,124.68459657701712
237.69763651181745,124.68459657701712
237.69763651181745,124.68459657701712
237.69763651181745,124.68459657701712
237.69763651181745,124.68459657701712
237.69763651181745,124.68459657701712
237.69763651181745,124.68459657701712
237.69763651181745,124.68459657701712
237.69763651181745,124.68459657701712
237.69763651181745,124.68459657701712
237.69763651181745,124.68459657701712
237.69763651181745,124.68459657701712
237.69763651181745,124.68459657701712
237.69763651181745,124.68459657701712
237.69763651181745,124.68459657701712
237.69763651181745,124.68459657701712
237.69763651181745,124.68459657701712
237.69763651181745,124.68459657701712
237.69763651181745,124.68459657701712
237.69763651181745,124.68459657701712
237.69763651181745,124.68459657701712
237.69763651181745,124.68459657701712
237.69763651181745,124.68459657701712
237.69763651181745,124.68459657701712
237.69763651181745,124.68459657701712
237.69763651181745,124.68459657701712
237.69763651181745,124.68459657701712
237.69763651181745,124.68459657701712
237.69763651181745,124.68459657701712
237.69763651181745,124.68459657701712
237.79453730126374,124.73542600896862
237.8915171288744,124.78629690048939
237.8915171288744,124.78629690048939
237.8915171288744,124.78629690048939
237.8915171288744,124.78629690048939
237.8915171288744,124.78629690048939
237.8915171288744,124.78629690048939
237.8915171288744,124.78629690048939
237.8915171288744,124.78629690048939
237.8915171288744,124.78629690048939
237.8915171288744,124.78629690048939
237.69763651181745,124.68459657701712
237.69763651181745,124.68459657701712
237.69763651181745,124.68459657701712
237.69763651181745,124.68459657701712
237.69763651181745,124.68459657701712
237.69763651181745,124.68459657701712
237.69763651181745,124.68459657701712
237.8915171288744,124.78629690048939
237.8915171288744,124.78629690048939
237.8915171288744,124.78629690048939
237.8915171288744,124.78629690048939
237.8915171288744,124.78629690048939
237.8915171288744,124.78629690048939
214.92630803242446,147.80250552689756
214.92630803242446,147.80250552689756
214.92630803242446,147.80250552689756
214.92630803242446,147.80250552689756
214.92630803242446,147.80250552689756
214.92630803242446,147.80250552689756
247.15627347858754,155.22689706987228
247.15627347858754,155.22689706987228
247.15627347858754,155.22689706987228
247.15627347858754,155.22689706987228
247.15627347858754,155.22689706987228
247.15627347858754,155.22689706987228
247.4831081081081,155.6599099099099
247.4831081081081,155.6599099099099
247.4831081081081,155.6599099099099
247.4831081081081,155.6599099099099
247.4831081081081,155.6599099099099
247.4831081081081,155.6599099099099
247.79422788605697,156.11244377811096
247.79422788605697,156.11244377811096
247.79422788605697,156.11244377811096
247.79422788605697,156.11244377811096
247.79422788605697,156.11244377811096
247.79422788605697,156.11244377811096
245.81242980157245,158.12953949831524
245.81242980157245,158.12953949831524
245.81242980157245,158.12953949831524
245.81242980157245,158.12953949831524
245.81242980157245,158.12953949831524
245.81242980157245,158.12953949831524
241.20689655172413,158.93747631678667
241.20689655172413,158.93747631678667
241.20689655172413,158.93747631678667
241.20689655172413,158.93747631678667
241.20689655172413,158.93747631678667
241.20689655172413,158.93747631678667
241.20689655172413,158.93747631678667
236.0978835978836,156.85714285714286
236.0978835978836,156.85714285714286
236.0978835978836,156.85714285714286
236.0978835978836,156.85714285714286
236.0978835978836,156.85714285714286
236.0978835978836,156.85714285714286
236.7997728993187,156.9560938682816
236.531190926276,156.7780718336484
236.531190926276,156.7780718336484
236.531190926276,156.7780718336484
236.531190926276,156.7780718336484
236.531190926276,156.7780718336484
239.3658536585366,156.8375234521576
239.3658536585366,156.8375234521576
239.3658536585366,156.8375234521576
239.3658536585366,156.8375234521576
239.3658536585366,156.8375234521576
239.3658536585366,156.8375234521576
238.25206301575395,157.19054763690923
237.98426376920196,157.42525290370926
237.98426376920196,157.42525290370926
237.98426376920196,157.42525290370926
237.98426376920196,157.42525290370926
237.98426376920196,157.42525290370926
237.79237844940866,156.71972967899382
237.83702591062712,156.68043559894855
237.83702591062712,156.68043559894855
237.83702591062712,156.68043559894855
237.83702591062712,156.68043559894855
237.83702591062712,156.68043559894855
236.74934725848564,155.6284968295412
236.83072334079046,155.7069351230425
238.96052631578948,157.13233082706768
238.96052631578948,157.13233082706768
238.96052631578948,157.13233082706768
238.96052631578948,157.13233082706768
238.98643556895252,157.48756593820647
239.33823529411765,157.7443438914027
239.41952506596306,157.82284206558612
239.41952506596306,157.82284206558612
239.41952506596306,157.82284206558612
239.41952506596306,157.82284206558612
240.5568225009502,158.3078677309008
240.5975679270378,158.27778833365002
240.63829787234042,158.24772036474164
240.63829787234042,158.24772036474164
240.63829787234042,158.24772036474164
240.63829787234042,158.24772036474164
240.63829787234042,158.24772036474164
241.59594442358244,159.5666541494555
241.59594442358244,159.5666541494555
241.59594442358244,159.5666541494555
241.59594442358244,159.5666541494555
241.59594442358244,159.5666541494555
241.47567161375164,159.6565846327259
241.53686982693753,158.90293453724604
241.93766428839655,159.29177619226436
241.93766428839655,159.29177619226436
241.93766428839655,159.29177619226436
241.93766428839655,159.29177619226436
241.93766428839655,159.29177619226436
241.6065388951522,159.5490417136415
241.6065388951522,159.5490417136415
241.6065388951522,159.5490417136415
241.6065388951522,159.5490417136415
241.6065388951522,159.5490417136415
241.6065388951522,159.5490417136415
241.10379842045882,159.80669424595712
241.10379842045882,159.80669424595712
241.10379842045882,159.80669424595712
241.10379842045882,159.80669424595712
241.10379842045882,159.80669424595712
241.10379842045882,159.80669424595712
241.51577761081893,160.03906836964688
241.51577761081893,160.03906836964688
241.51577761081893,160.03906836964688
241.51577761081893,160.03906836964688
241.51577761081893,160.03906836964688
241.51577761081893,160.03906836964688
241.17392937640872,160.45154019534183
241.17392937640872,160.45154019534183
241.17392937640872,160.45154019534183
241.17392937640872,160.45154019534183
241.17392937640872,160.45154019534183
241.17392937640872,160.45154019534183
241.09357384441938,160.37429537767756
241.09357384441938,160.37429537767756
241.09357384441938,160.37429537767756
241.09357384441938,160.37429537767756
241.09357384441938,160.37429537767756
241.09357384441938,160.37429537767756
241.09357384441938,160.37429537767756
241.4041994750656,161.38582677165354
241.4041994750656,161.38582677165354
241.4041994750656,161.38582677165354
241.4041994750656,161.38582677165354
241.4041994750656,161.38582677165354
241.4041994750656,161.38582677165354
240.9125046939542,161.7656778069846
240.9125046939542,161.7656778069846
240.9125046939542,161.7656778069846
240.9125046939542,161.7656778069846
240.9125046939542,161.7656778069846
240.9125046939542,161.7656778069846
241.2439024390244,162.0562851782364
241.2439024390244,162.0562851782364
241.2439024390244,162.0562851782364
241.2439024390244,162.0562851782364
241.2439024390244,162.0562851782364
241.2439024390244,162.0562851782364
241.0731707317073,162.46829268292683
241.0731707317073,162.46829268292683
241.0731707317073,162.46829268292683
241.0731707317073,162.46829268292683
241.0731707317073,162.46829268292683
241.0731707317073,162.46829268292683
241.027949728006,163.12436691052335
241.0731707317073,163.15497185741089
241.0731707317073,163.15497185741089
241.0731707317073,163.15497185741089
241.0731707317073,163.15497185741089
241.0731707317073,163.15497185741089
241.0731707317073,163.4296435272045
241.0731707317073,163.4296435272045
241.0731707317073,163.4296435272045
241.0731707317073,163.4296435272045
241.0731707317073,163.4296435272045
241.0731707317073,163.4296435272045
241.16366366366367,163.49099099099098
241.16366366366367,163.49099099099098
241.16366366366367,163.49099099099098
241.16366366366367,163.49099099099098
241.16366366366367,163.49099099099098
241.16366366366367,163.49099099099098
241.16366366366367,163.49099099099098
240.99286786786786,163.3536036036036
241.17392937640872,163.4763335837716
241.17392937640872,163.4763335837716
241.17392937640872,163.4763335837716
241.17392937640872,163.4763335837716
241.17392937640872,163.4763335837716
241.23359580052494,164.1304836895388
241.23359580052494,164.1304836895388
241.23359580052494,164.1304836895388
241.23359580052494,164.1304836895388
241.23359580052494,164.1304836895388
241.23359580052494,164.1304836895388
241.32408102025505,164.192048012003
241.32408102025505,164.192048012003
241.32408102025505,164.192048012003
241.32408102025505,164.192048012003
241.32408102025505,164.192048012003
241.32408102025505,164.192048012003
241.5748031496063,164.40494938132733
241.5748031496063,164.40494938132733
241.5748031496063,164.40494938132733
241.5748031496063,164.40494938132733
241.5748031496063,164.40494938132733
241.5748031496063,164.40494938132733
241.31371814092952,164.3433283358321
241.39378044211315,164.41888347695766
241.39378044211315,164.41888347695766
241.39378044211315,164.41888347695766
241.39378044211315,164.41888347695766
241.39378044211315,164.41888347695766
241.6547976011994,164.6176911544228
241.6547976011994,164.6176911544228
241.6547976011994,164.6176911544228
241.6547976011994,164.6176911544228
241.6547976011994,164.6176911544228
241.6547976011994,164.6176911544228
241.31371814092952,164.6176911544228
241.0731707317073,164.8030018761726
241.0731707317073,164.8030018761726
241.0731707317073,164.8030018761726
241.0731707317073,164.8030018761726
241.0731707317073,164.8030018761726
241.0731707317073,164.8030018761726
241.31371814092952,165.1664167916042
241.31371814092952,165.1664167916042
241.31371814092952,165.1664167916042
241.31371814092952,165.1664167916042
241.31371814092952,165.1664167916042
241.31371814092952,165.1664167916042
241.6441947565543,165.31685393258428
241.6441947565543,165.31685393258428
241.6441947565543,165.31685393258428
241.6441947565543,165.31685393258428
241.6441947565543,165.31685393258428
241.6441947565543,165.31685393258428
241.3626168224299,165.69196261682242
241.63360778443115,165.46706586826346
241.63360778443115,165.46706586826346
241.63360778443115,165.46706586826346
241.63360778443115,165.46706586826346
241.63360778443115,165.46706586826346
242.21308411214955,165.69196261682242
242.21308411214955,165.69196261682242
242.21308411214955,165.69196261682242
242.21308411214955,165.69196261682242
242.21308411214955,165.69196261682242
242.21308411214955,165.69196261682242
241.50327408793265,165.9154349859682
241.62303664921467,166.02767389678385
241.62303664921467,166.02767389678385
241.62303664921467,166.02767389678385
241.62303664921467,166.02767389678385
241.62303664921467,166.02767389678385
241.1184087070745,166.55094764496152
241.0731707317073,166.58836772983113
241.0731707317073,166.58836772983113
241.0731707317073,166.58836772983113
241.0731707317073,166.58836772983113
241.0731707317073,166.58836772983113
241.6547976011994,166.81259370314842
241.6547976011994,166.81259370314842
241.6547976011994,166.81259370314842
241.6547976011994,166.81259370314842
241.6547976011994,166.81259370314842
241.6547976011994,166.81259370314842
241.4041994750656,167.01237345331833
241.4041994750656,167.01237345331833
241.4041994750656,167.01237345331833
241.4041994750656,167.01237345331833
241.4041994750656,167.01237345331833
241.4041994750656,167.01237345331833
241.4041994750656,167.01237345331833
241.63360778443115,167.11077844311376
241.63360778443115,167.11077844311376
241.63360778443115,167.11077844311376
241.63360778443115,167.11077844311376
241.63360778443115,167.11077844311376
241.72407338075627,167.1733433171097
241.89442156495696,167.0363159865219
241.89442156495696,167.0363159865219
241.89442156495696,167.0363159865219
241.89442156495696,167.0363159865219
241.89442156495696,167.0363159865219
241.89442156495696,167.0363159865219
241.6547976011994,166.94977511244377
241.6547976011994,166.94977511244377
241.6547976011994,166.94977511244377
241.6547976011994,166.94977511244377
241.6547976011994,166.94977511244377
241.6547976011994,166.94977511244377
241.60951845606147,166.9184935356942
241.5642562757587,166.88722367928062
241.5642562757587,166.88722367928062
241.5642562757587,166.88722367928062
241.5642562757587,166.88722367928062
241.5642562757587,166.88722367928062
241.6547976011994,166.94977511244377
241.6547976011994,166.94977511244377
241.6547976011994,166.94977511244377
241.6547976011994,166.94977511244377
241.6547976011994,166.94977511244377
241.6547976011994,166.94977511244377
241.32408102025505,166.66316579144785
241.48425787106447,166.53823088455772
241.48425787106447,166.53823088455772
241.48425787106447,166.53823088455772
241.48425787106447,166.53823088455772
241.48425787106447,166.53823088455772
241.31371814092952,166.67541229385307
241.4041994750656,166.60067491563555
241.58536585365854,166.72570356472795
241.58536585365854,166.72570356472795
241.58536585365854,166.72570356472795
241.58536585365854,166.72570356472795
241.4041994750656,166.60067491563555
241.48425787106447,166.94977511244377
241.48425787106447,166.94977511244377
241.48425787106447,166.94977511244377
241.48425787106447,166.94977511244377
241.48425787106447,166.94977511244377
241.44423617619495,166.9124648547329
241.2233046084676,166.75009366804048
241.2233046084676,166.75009366804048
241.2233046084676,166.75009366804048
241.2233046084676,166.75009366804048
241.2233046084676,166.75009366804048
241.2233046084676,166.75009366804048
241.74540682414698,166.7379077615298
241.74540682414698,166.7379077615298
241.74540682414698,166.7379077615298
241.74540682414698,166.7379077615298
241.74540682414698,166.7379077615298
241.74540682414698,166.7379077615298
241.5642562757587,166.88722367928062
241.5642562757587,166.88722367928062
241.5642562757587,166.88722367928062
241.5642562757587,166.88722367928062
241.5642562757587,166.88722367928062
241.5642562757587,166.88722367928062
241.48425787106447,166.81259370314842
241.48425787106447,166.81259370314842
241.48425787106447,166.81259370314842
241.48425787106447,166.81259370314842
241.48425787106447,166.81259370314842
241.48425787106447,166.81259370314842
241.23359580052494,166.7379077615298
241.23359580052494,166.7379077615298
241.23359580052494,166.7379077615298
241.23359580052494,166.7379077615298
241.23359580052494,166.7379077615298
241.23359580052494,166.7379077615298
241.4041994750656,166.87514060742407
241.4041994750656,166.87514060742407
241.4041994750656,166.87514060742407
241.4041994750656,166.87514060742407
241.4041994750656,166.87514060742407
241.4041994750656,166.87514060742407
241.4041994750656,166.87514060742407
241.4947486871718,166.9377344336084
241.4947486871718,166.9377344336084
241.4947486871718,166.9377344336084
241.4947486871718,166.9377344336084
241.4947486871718,166.9377344336084
241.4947486871718,166.9377344336084
241.48425787106447,166.81259370314842
241.48425787106447,166.81259370314842
241.48425787106447,166.81259370314842
241.48425787106447,166.81259370314842
241.48425787106447,166.81259370314842
241.48425787106447,166.81259370314842
241.41463414634146,167.13771106941837
240.8723324597529,167.58442530887308
240.8723324597529,167.58442530887308
240.8723324597529,167.58442530887308
240.8723324597529,167.58442530887308
240.8723324597529,167.58442530887308
241.80146368924753,166.82567085757177
242.26829268292684,166.86303939962477
242.26829268292684,166.86303939962477
242.26829268292684,166.86303939962477
242.26829268292684,166.86303939962477
242.26829268292684,166.86303939962477
243.27663972937418,165.8383762450667
243.7867370007536,165.34815373021854
243.7867370007536,165.34815373021854
243.7867370007536,165.34815373021854
243.7867370007536,165.34815373021854
243.7867370007536,165.34815373021854
240.99286786786786,166.10135135135135
239.8622641509434,165.04528301886793
239.8622641509434,165.04528301886793
239.8622641509434,165.04528301886793
239.8622641509434,165.04528301886793
239.8622641509434,165.04528301886793
241.66541635408853,162.13278319579894
241.66541635408853,162.13278319579894
241.66541635408853,162.13278319579894
241.66541635408853,162.13278319579894
241.66541635408853,162.13278319579894
241.66541635408853,162.13278319579894
242.58711127763206,163.047583364556
242.58711127763206,163.047583364556
242.58711127763206,163.047583364556
242.58711127763206,163.047583364556
242.58711127763206,163.047583364556
242.58711127763206,163.047583364556
242.58711127763206,163.047583364556
240.9125046939542,161.21592189260232
240.9125046939542,161.21592189260232
240.9125046939542,161.21592189260232
240.9125046939542,161.21592189260232
240.9125046939542,161.21592189260232
240.9125046939542,161.21592189260232
241.61714930424972,159.25611132004514
241.61714930424972,159.25611132004514
241.61714930424972,159.25611132004514
241.61714930424972,159.25611132004514
241.61714930424972,159.25611132004514
241.61714930424972,159.25611132004514
240.93268145919518,158.01729973674313
240.93268145919518,158.01729973674313
240.93268145919518,158.01729973674313
240.93268145919518,158.01729973674313
240.93268145919518,158.01729973674313
240.93268145919518,158.01729973674313
243.06355140186915,155.97757009345796
243.06355140186915,155.97757009345796
243.06355140186915,155.97757009345796
243.06355140186915,155.97757009345796
243.06355140186915,155.97757009345796
243.06355140186915,155.97757009345796
241.31648434553,154.4903809883063
241.31648434553,154.4903809883063
241.31648434553,154.4903809883063
241.31648434553,154.4903809883063
241.31648434553,154.4903809883063
241.31648434553,154.4903809883063
242.4278215223097,152.46569178852644
242.4278215223097,152.46569178852644
242.4278215223097,152.46569178852644
242.4278215223097,152.46569178852644
242.4278215223097,152.46569178852644
242.4278215223097,152.46569178852644
241.1140383891607,150.14678208505833
241.1140383891607,150.14678208505833
241.1140383891607,150.14678208505833
241.1140383891607,150.14678208505833
241.1140383891607,150.14678208505833
241.1140383891607,150.14678208505833
241.1140383891607,150.14678208505833
241.94851559564074,148.5456595264938
241.94851559564074,148.5456595264938
241.94851559564074,148.5456595264938
241.94851559564074,148.5456595264938
241.94851559564074,148.5456595264938
241.94851559564074,148.5456595264938
241.51577761081893,147.38993238166793
241.51577761081893,147.38993238166793
241.51577761081893,147.38993238166793
241.51577761081893,147.38993238166793
241.51577761081893,147.38993238166793
241.51577761081893,147.38993238166793
240.93755859741233,144.7391711981999
240.9827456864216,144.69767441860466
240.9827456864216,144.69767441860466
240.9827456864216,144.69767441860466
240.9827456864216,144.69767441860466
240.9827456864216,144.69767441860466
241.09357384441938,144.6944757609921
241.09357384441938,144.6944757609921
241.09357384441938,144.6944757609921
241.09357384441938,144.6944757609921
241.09357384441938,144.6944757609921
241.09357384441938,144.6944757609921
241.51577761081893,143.26521412471826
241.51577761081893,143.12772351615328
241.51577761081893,143.12772351615328
241.51577761081893,143.12772351615328
241.51577761081893,143.12772351615328
241.51577761081893,143.12772351615328
241.98501872659176,142.01348314606741
241.98501872659176,142.01348314606741
241.98501872659176,142.01348314606741
241.98501872659176,142.01348314606741
241.98501872659176,142.01348314606741
241.98501872659176,142.01348314606741
241.2852841550621,141.1930748964998
241.2852841550621,141.1930748964998
241.2852841550621,141.1930748964998
241.2852841550621,141.1930748964998
241.2852841550621,141.1930748964998
241.2852841550621,141.1930748964998
241.2852841550621,141.1930748964998
241.78826626551336,139.84806318164723
241.78826626551336,139.84806318164723
241.78826626551336,139.84806318164723
241.78826626551336,139.84806318164723
241.78826626551336,139.84806318164723
241.78826626551336,139.84806318164723
242.03947368421052,139.10751879699248
242.03947368421052,139.10751879699248
242.03947368421052,139.10751879699248
242.03947368421052,139.10751879699248
242.03947368421052,139.10751879699248
242.03947368421052,139.10751879699248
241.08336462636126,137.4389785955689
241.08336462636126,137.4389785955689
241.08336462636126,137.4389785955689
241.08336462636126,137.4389785955689
241.08336462636126,137.4389785955689
241.08336462636126,137.4389785955689
241.4460323429861,136.26927416321925
241.4460323429861,136.26927416321925
241.4460323429861,136.26927416321925
241.4460323429861,136.26927416321925
241.4460323429861,136.26927416321925
241.4460323429861,136.26927416321925
242.40546611755897,134.69786596780233
242.40546611755897,134.69786596780233
242.40546611755897,134.69786596780233
242.40546611755897,134.69786596780233
242.40546611755897,134.69786596780233
242.40546611755897,134.69786596780233
241.4460323429861,132.69048514479127
241.4460323429861,132.69048514479127
241.4460323429861,132.69048514479127
241.4460323429861,132.69048514479127
241.4460323429861,132.69048514479127
241.4460323429861,132.69048514479127
241.78826626551336,130.7634449040993
241.78826626551336,130.7634449040993
241.78826626551336,130.7634449040993
241.78826626551336,130.7634449040993
241.78826626551336,130.7634449040993
241.78826626551336,130.7634449040993
241.78826626551336,130.7634449040993
242.30161714930426,129.2493418578413
242.30161714930426,129.2493418578413
242.30161714930426,129.2493418578413
242.30161714930426,129.2493418578413
242.30161714930426,129.2493418578413
242.30161714930426,129.2493418578413
241.36568848758466,128.196388261851
241.36568848758466,128.196388261851
241.36568848758466,128.196388261851
241.36568848758466,128.196388261851
241.36568848758466,128.196388261851
241.36568848758466,128.196388261851
241.61714930424972,126.22113576532531
241.61714930424972,126.22113576532531
241.61714930424972,126.22113576532531
241.61714930424972,126.22113576532531
241.61714930424972,126.22113576532531
241.61714930424972,126.22113576532531
241.81699346405227,123.77703081232492
241.86215913335823,123.73178931639896
241.86215913335823,123.73178931639896
241.86215913335823,123.73178931639896
241.86215913335823,123.73178931639896
241.86215913335823,123.73178931639896
241.1286384976526,124.3369014084507
241.33445945945945,124.1981981981982
241.33445945945945,124.1981981981982
241.33445945945945,124.1981981981982
241.33445945945945,124.1981981981982
241.33445945945945,124.1981981981982
240.8320811419985,124.56649135987979
240.77154685735792,124.11215656755739
240.52938960060285,123.83873398643557
240.52938960060285,123.83873398643557
240.52938960060285,123.83873398643557
240.52938960060285,123.83873398643557
240.93268145919518,123.33057540428733
240.93268145919518,123.33057540428733
240.93268145919518,123.33057540428733
240.93268145919518,123.33057540428733
240.93268145919518,123.33057540428733
240.93268145919518,123.33057540428733
241.50525525525526,124.33558558558559
240.94279262325932,123.69890854347008
240.94279262325932,123.69890854347008
240.94279262325932,123.69890854347008
240.94279262325932,123.69890854347008
240.94279262325932,123.69890854347008
240.94279262325932,123.69890854347008
240.85214446952597,123.79006772009029
240.85214446952597,123.79006772009029
240.85214446952597,123.79006772009029
240.85214446952597,123.79006772009029
240.85214446952597,123.79006772009029
240.85214446952597,123.79006772009029
241.19450714823176,124.20316027088036
241.19450714823176,124.20316027088036
241.19450714823176,124.20316027088036
241.19450714823176,124.20316027088036
241.19450714823176,124.20316027088036
241.19450714823176,124.20316027088036
241.02332580887887,123.65237020316027
241.02332580887887,123.65237020316027
241.02332580887887,123.65237020316027
241.02332580887887,123.65237020316027
241.02332580887887,123.65237020316027
241.02332580887887,123.65237020316027
241.3448534936138,124.29151014274981
241.3448534936138,124.29151014274981
241.3448534936138,124.29151014274981
241.3448534936138,124.29151014274981
241.3448534936138,124.29151014274981
241.3448534936138,124.29151014274981
242.05041384499623,123.99661399548533
242.56395786305492,124.47855530474041
242.56395786305492,124.47855530474041
242.56395786305492,124.47855530474041
242.56395786305492,124.47855530474041
242.56395786305492,124.47855530474041
241.97026721866766,123.56115920210765
241.6490765171504,123.74745571051639
241.6490765171504,123.74745571051639
241.6490765171504,123.74745571051639
241.6490765171504,123.74745571051639
241.6490765171504,123.74745571051639
242.4390243902439,124.0142589118199
242.4390243902439,124.0142589118199
242.4390243902439,124.0142589118199
242.4390243902439,124.0142589118199
242.4390243902439,124.0142589118199
242.4390243902439,124.0142589118199
242.4390243902439,124.0142589118199
241.36568848758466,124.20316027088036
241.36568848758466,124.20316027088036
241.36568848758466,124.20316027088036
241.36568848758466,124.20316027088036
241.36568848758466,124.20316027088036
241.36568848758466,124.20316027088036
241.09357384441938,122.82525366403608
241.09357384441938,122.82525366403608
241.09357384441938,122.82525366403608
241.09357384441938,122.82525366403608
241.09357384441938,122.82525366403608
241.09357384441938,122.82525366403608
241.69736842105263,123.69699248120301
241.69736842105263,123.69699248120301
241.69736842105263,123.69699248120301
241.69736842105263,123.69699248120301
241.69736842105263,123.69699248120301
241.69736842105263,123.69699248120301
240.24821361414067,123.88115833019933
240.24821361414067,123.88115833019933
240.24821361414067,123.88115833019933
240.24821361414067,123.88115833019933
240.24821361414067,123.88115833019933
240.24821361414067,123.88115833019933
240.44993424760474,122.66466278414428
240.49023290758828,122.91660405709993
240.65127627627626,123.09909909909909
240.65127627627626,123.09909909909909
240.65127627627626,123.09909909909909
240.65127627627626,123.09909909909909
241.05392156862746,122.82805429864253
241.78328290468986,122.09228441754917
241.78328290468986,122.09228441754917
241.78328290468986,122.09228441754917
241.78328290468986,122.09228441754917
241.78328290468986,122.09228441754917
240.7008289374529,122.0459683496609
240.7008289374529,122.0459683496609
240.7008289374529,122.0459683496609
240.7008289374529,122.0459683496609
240.7008289374529,122.0459683496609
240.7008289374529,122.0459683496609
240.7008289374529,122.0459683496609
240.35795026375283,121.77015825169555
240.35795026375283,121.77015825169555
240.35795026375283,121.77015825169555
240.35795026375283,121.77015825169555
240.35795026375283,121.77015825169555
240.35795026375283,121.77015825169555
240.29339853300735,121.97705473011096
240.51957831325302,121.40286144578313
240.51957831325302,121.40286144578313
240.51957831325302,121.40286144578313
240.51957831325302,121.40286144578313
240.51957831325302,121.40286144578313
241.61714930424972,122.09176382098534
240.9827456864216,122.32033008252063
240.9827456864216,122.32033008252063
240.9827456864216,122.32033008252063
240.9827456864216,122.32033008252063
240.9827456864216,122.32033008252063
239.55467869222096,121.58737316798197
241.0820895522388,123.32014925373134
241.0820895522388,123.32014925373134
241.0820895522388,123.32014925373134
241.0820895522388,123.32014925373134
241.0820895522388,123.32014925373134
241.63360778443115,122.86751497005989
241.63360778443115,122.86751497005989
241.63360778443115,122.86751497005989
241.63360778443115,122.86751497005989
241.63360778443115,122.86751497005989
241.63360778443115,122.86751497005989
241.26334519572953,123.2567896609852
240.6611570247934,123.60405709992487
240.48048048048048,123.51126126126127
240.48048048048048,123.51126126126127
240.48048048048048,123.51126126126127
240.48048048048048,123.51126126126127
240.88235294117646,123.2798801049082
240.88235294117646,123.2798801049082
240.88235294117646,123.2798801049082
240.88235294117646,123.2798801049082
240.88235294117646,123.2798801049082
240.88235294117646,123.2798801049082
240.64141035258814,123.14403600900225
240.64141035258814,123.14403600900225
240.64141035258814,123.14403600900225
240.64141035258814,123.14403600900225
240.64141035258814,123.14403600900225
240.64141035258814,123.14403600900225
240.64141035258814,123.14403600900225
240.7921348314607,123.23370786516854
240.7921348314607,123.23370786516854
240.7921348314607,123.23370786516854
240.7921348314607,123.23370786516854
240.7921348314607,123.23370786516854
240.7921348314607,123.23370786516854
240.5511811023622,123.23509561304837
240.5511811023622,123.23509561304837
240.5511811023622,123.23509561304837
240.5511811023622,123.23509561304837
240.5511811023622,123.23509561304837
240.5511811023622,123.23509561304837
240.5511811023622,122.82339707536558
240.5511811023622,122.82339707536558
240.5511811023622,122.82339707536558
240.5511811023622,122.82339707536558
240.5511811023622,122.82339707536558
240.5511811023622,122.82339707536558
240.78218562874252,123.00449101796407
240.78218562874252,123.00449101796407
240.78218562874252,123.00449101796407
240.78218562874252,123.00449101796407
240.78218562874252,123.00449101796407
240.78218562874252,123.00449101796407
240.2808988764045,122.68539325842697
240.2808988764045,122.68539325842697
240.2808988764045,122.68539325842697
240.2808988764045,122.68539325842697
240.2808988764045,122.68539325842697
240.2808988764045,122.68539325842697
240.31630170316302,122.75350926445817
240.54140127388536,122.86849007118771
240.54140127388536,122.86849007118771
240.54140127388536,122.86849007118771
240.54140127388536,122.86849007118771
240.54140127388536,122.86849007118771
239.77886056971514,121.95427286356822
239.77886056971514,121.95427286356822
239.77886056971514,121.95427286356822
239.77886056971514,121.95427286356822
239.77886056971514,121.95427286356822
239.77886056971514,121.95427286356822
239.77886056971514,121.95427286356822
240.73170731707316,122.22889305816135
240.73170731707316,122.22889305816135
240.73170731707316,122.22889305816135
240.73170731707316,122.22889305816135
240.73170731707316,122.22889305816135
240.46101949025487,122.50299850074963
240.30007501875468,121.63390847711928
240.30007501875468,121.63390847711928
240.30007501875468,121.63390847711928
240.30007501875468,121.63390847711928
240.30007501875468,121.63390847711928
240.30007501875468,121.63390847711928
240.51096943558971,121.19932495780986
240.7118771075309,121.08579992506557
240.7118771075309,121.08579992506557
240.7118771075309,121.08579992506557
240.7118771075309,121.08579992506557
240.7118771075309,121.08579992506557
241.22222222222223,121.45322128851541
240.73266219239375,121.86353467561521
240.73266219239375,121.86353467561521
240.73266219239375,121.86353467561521
240.73266219239375,121.86353467561521
240.73266219239375,121.86353467561521
240.84236085169965,121.68098617855809
240.5218855218855,121.31537598204265
240.5218855218855,121.31537598204265
240.5218855218855,121.31537598204265
240.5218855218855,121.31537598204265
240.5218855218855,121.31537598204265
240.5218855218855,122.0
240.2808988764045,121.72584269662921
240.2808988764045,121.72584269662921
240.2808988764045,121.72584269662921
240.2808988764045,121.72584269662921
240.2808988764045,121.72584269662921
239.94940029985008,121.95427286356822
240.03937007874015,121.86276715410574
240.2808988764045,121.72584269662921
240.2808988764045,121.72584269662921
240.2808988764045,121.72584269662921
240.2808988764045,121.72584269662921
240.2808988764045,121.72584269662921
240.119940029985,121.81709145427287
240.20997375328085,121.86276715410574
240.20997375328085,121.86276715410574
240.20997375328085,121.86276715410574
240.20997375328085,121.86276715410574
240.20997375328085,121.86276715410574
240.29047976011995,121.67991004497752
240.29047976011995,121.67991004497752
240.29047976011995,121.67991004497752
240.29047976011995,121.67991004497752
240.29047976011995,121.67991004497752
240.29047976011995,121.67991004497752
240.20044960659422,121.63431997002623
240.20044960659422,121.63431997002623
240.20044960659422,121.63431997002623
240.20044960659422,121.63431997002623
240.20044960659422,121.63431997002623
240.20044960659422,121.63431997002623
240.40629095674967,121.56599887661487
240.45131086142322,121.58876404494382
240.45131086142322,121.58876404494382
240.45131086142322,121.58876404494382
240.45131086142322,121.58876404494382
240.45131086142322,121.58876404494382
240.29047976011995,121.67991004497752
240.29047976011995,121.67991004497752
240.29047976011995,121.67991004497752
240.29047976011995,121.67991004497752
240.29047976011995,121.67991004497752
240.29047976011995,121.67991004497752
240.20997375328085,121.45106861642294
240.16494845360825,121.42830365510778
240.119940029985,121.4055472263868
240.119940029985,121.4055472263868
240.119940029985,121.4055472263868
240.119940029985,121.4055472263868
240.95247005988023,121.90868263473054
240.95247005988023,121.90868263473054
239.50075357950263,120.2532027128862
239.50075357950263,120.2532027128862
239.50075357950263,120.2532027128862
239.50075357950263,120.2532027128862
239.6813725490196,120.34389140271493
239.2303349642454,120.39292435077155
239.8780487804878,120.03151969981238
239.8780487804878,120.03151969981238
239.8780487804878,120.03151969981238
239.8780487804878,120.03151969981238
239.8780487804878,120.03151969981238
240.12940735183795,119.98649662415603
240.12940735183795,119.98649662415603
240.12940735183795,119.98649662415603
240.12940735183795,119.98649662415603
240.12940735183795,119.98649662415603
240.12940735183795,119.98649662415603
240.12940735183795,119.84921230307577
240.12940735183795,119.84921230307577
240.12940735183795,119.84921230307577
240.12940735183795,119.84921230307577
240.12940735183795,119.84921230307577
240.12940735183795,119.84921230307577
240.38057742782152,120.07874015748031
240.0582050319189,119.70935035674052
240.0582050319189,119.70935035674052
240.0582050319189,119.70935035674052
240.0582050319189,119.70935035674052
240.0582050319189,119.70935035674052
240.34033377086067,119.8267391711982
240.54140127388536,119.71449981266392
240.54140127388536,119.71449981266392
240.54140127388536,119.71449981266392
240.54140127388536,119.71449981266392
240.54140127388536,119.71449981266392
240.30007501875468,119.57464366091523
240.30007501875468,119.57464366091523
240.30007501875468,119.57464366091523
240.30007501875468,119.57464366091523
240.30007501875468,119.57464366091523
240.30007501875468,119.57464366091523
240.30007501875468,119.43735933983496
240.30007501875468,119.43735933983496
240.30007501875468,119.43735933983496
240.30007501875468,119.43735933983496
240.30007501875468,119.43735933983496
240.30007501875468,119.43735933983496
240.0487804878049,119.20750469043152
240.0487804878049,119.20750469043152
240.0487804878049,119.20750469043152
240.0487804878049,119.20750469043152
240.0487804878049,119.20750469043152
240.0487804878049,119.20750469043152
240.0487804878049,119.20750469043152
240.13888888888889,119.11486486486487
240.13888888888889,119.11486486486487
240.13888888888889,119.11486486486487
240.13888888888889,119.11486486486487
240.13888888888889,119.11486486486487
240.09382623381498,119.16119346969413
240.00844436104336,119.023831863389
239.88734509951183,118.8847164851671
239.88734509951183,118.8847164851671
239.88734509951183,118.8847164851671
239.88734509951183,118.8847164851671
239.88734509951183,118.8847164851671
239.88734509951183,118.8847164851671
239.88734509951183,118.8847164851671
239.88734509951183,118.8847164851671
239.88734509951183,118.8847164851671
239.88734509951183,118.8847164851671
239.88734509951183,118.8847164851671
239.56374576908613,118.23768333960136
240.0487804878049,117.97148217636023
240.0487804878049,117.97148217636023
240.0487804878049,117.97148217636023
240.0487804878049,117.97148217636023
240.0487804878049,117.97148217636023
240.36128790715088,118.39161362785474
240.36128790715088,118.39161362785474
240.36128790715088,118.39161362785474
240.36128790715088,118.39161362785474
240.36128790715088,118.39161362785474
240.36128790715088,118.39161362785474
240.0487804878049,117.97148217636023
240.77225130890054,118.80628272251309
240.77225130890054,118.80628272251309
240.77225130890054,118.80628272251309
240.77225130890054,118.80628272251309
240.77225130890054,118.80628272251309
240.45131086142322,117.88764044943821
239.64473684210526,117.36766917293232
239.64473684210526,117.36766917293232
239.64473684210526,117.36766917293232
239.64473684210526,117.36766917293232
239.64473684210526,117.36766917293232
239.68520954707762,117.34561172711896
240.13888888888889,117.6036036036036
240.13888888888889,117.6036036036036
240.13888888888889,117.6036036036036
240.13888888888889,117.6036036036036
240.13888888888889,117.6036036036036
240.13888888888889,117.6036036036036
240.02254367837685,117.64531279353749
240.1578947368421,117.50526315789473
240.1578947368421,117.50526315789473
240.1578947368421,117.50526315789473
240.1578947368421,117.50526315789473
240.1578947368421,117.50526315789473
239.8780487804878,117.55947467166979
239.8780487804878,117.55947467166979
239.8780487804878,117.55947467166979
239.8780487804878,117.55947467166979
239.8780487804878,117.55947467166979
239.8780487804878,117.55947467166979
240.13888888888889,117.46621621621621
240.13888888888889,117.46621621621621
240.13888888888889,117.46621621621621
240.13888888888889,117.46621621621621
240.13888888888889,117.46621621621621
240.13888888888889,117.46621621621621
240.06764374295378,117.32356257046223
240.06764374295378,117.32356257046223
240.06764374295378,117.32356257046223
240.06764374295378,117.32356257046223
240.06764374295378,117.32356257046223
240.06764374295378,117.32356257046223
240.06764374295378,117.18602029312288
240.06764374295378,117.18602029312288
240.06764374295378,117.18602029312288
240.06764374295378,117.18602029312288
240.06764374295378,117.18602029312288
240.06764374295378,117.18602029312288
239.50075357950263,116.52976639035418
239.50075357950263,116.52976639035418
239.50075357950263,116.52976639035418
239.50075357950263,116.52976639035418
239.50075357950263,116.52976639035418
239.50075357950263,116.52976639035418
239.66302710843374,116.44201807228916
239.4646559849199,116.52667295004713
239.50980392156862,116.47963800904978
239.50980392156862,116.47963800904978
239.50980392156862,116.47963800904978
239.50980392156862,116.47963800904978
239.50980392156862,116.47963800904978
239.74407226194955,116.39819345126082
239.74407226194955,116.39819345126082
239.74407226194955,116.39819345126082
239.74407226194955,116.39819345126082
239.74407226194955,116.39819345126082
239.74407226194955,116.39819345126082
240.23863209319805,116.08568207440811
240.23863209319805,116.08568207440811
240.23863209319805,116.08568207440811
240.23863209319805,116.08568207440811
240.23863209319805,116.08568207440811
240.23863209319805,116.08568207440811
240.08656379375236,116.26044410989839
240.0582050319189,115.99849793466016
240.0582050319189,115.99849793466016
240.0582050319189,115.99849793466016
240.0582050319189,115.99849793466016
240.0582050319189,115.99849793466016
240.13888888888889,115.81756756756756
240.13888888888889,115.81756756756756
240.13888888888889,115.81756756756756
240.13888888888889,115.81756756756756
240.13888888888889,115.81756756756756
240.13888888888889,115.81756756756756
240.13888888888889,115.95495495495496
240.13888888888889,115.95495495495496
240.13888888888889,115.95495495495496
240.13888888888889,115.95495495495496
240.13888888888889,115.95495495495496
240.13888888888889,115.95495495495496
240.4707426856714,115.86796699174793
240.4707426856714,115.86796699174793
240.4707426856714,115.86796699174793
240.4707426856714,115.86796699174793
240.4707426856714,115.86796699174793
240.4707426856714,115.86796699174793
240.4707426856714,115.86796699174793
240.48048048048048,114.85585585585585
240.48048048048048,114.85585585585585
240.48048048048048,114.85585585585585
240.48048048048048,114.85585585585585
240.48048048048048,114.85585585585585
240.48048048048048,114.85585585585585
240.06764374295378,114.29763246899662
240.06764374295378,114.29763246899662
240.06764374295378,114.29763246899662
240.06764374295378,114.29763246899662
240.06764374295378,114.29763246899662
240.06764374295378,114.29763246899662
240.3096846846847,114.58108108108108
240.3096846846847,114.58108108108108
240.3096846846847,114.58108108108108
240.3096846846847,114.58108108108108
240.3096846846847,114.58108108108108
240.3096846846847,114.58108108108108
240.65127627627626,113.3445945945946
240.65127627627626,113.3445945945946
240.65127627627626,113.3445945945946
240.65127627627626,113.3445945945946
240.65127627627626,113.3445945945946
240.65127627627626,113.3445945945946
240.31930879038316,113.01728024042073
240.31930879038316,113.01728024042073
240.31930879038316,113.01728024042073
240.31930879038316,113.01728024042073
240.31930879038316,113.01728024042073
240.31930879038316,113.01728024042073
241.0731707317073,113.02739212007505
241.0731707317073,113.02739212007505
241.0731707317073,113.02739212007505
241.0731707317073,113.02739212007505
241.0731707317073,113.02739212007505
241.0731707317073,113.02739212007505
240.48048048048048,111.97072072072072
240.48048048048048,111.97072072072072
240.48048048048048,111.97072072072072
240.48048048048048,111.97072072072072
240.48048048048048,111.97072072072072
240.48048048048048,111.97072072072072
240.65127627627626,111.42117117117117
240.65127627627626,111.42117117117117
240.65127627627626,111.42117117117117
240.65127627627626,111.42117117117117
240.65127627627626,111.42117117117117
240.65127627627626,111.42117117117117
240.65127627627626,111.42117117117117
240.776881215988,110.98817789453932
240.73170731707316,110.96735459662288
240.73170731707316,110.96735459662288
240.73170731707316,110.96735459662288
240.73170731707316,110.96735459662288
240.73170731707316,110.96735459662288
240.5609756097561,111.24202626641652
240.5609756097561,111.24202626641652
240.5609756097561,111.24202626641652
240.5609756097561,111.24202626641652
240.5609756097561,111.24202626641652
240.5609756097561,111.24202626641652
240.5609756097561,110.96735459662288
240.5609756097561,110.96735459662288
240.5609756097561,110.96735459662288
240.5609756097561,110.96735459662288
240.5609756097561,110.96735459662288
240.5609756097561,110.96735459662288
240.48048048048048,110.87162162162163
240.48048048048048,110.87162162162163
240.48048048048048,110.87162162162163
240.48048048048048,110.87162162162163
240.48048048048048,110.87162162162163
240.48048048048048,110.87162162162163
240.65127627627626,111.009009009009
240.65127627627626,111.009009009009
240.65127627627626,111.009009009009
240.65127627627626,111.009009009009
240.65127627627626,111.009009009009
240.65127627627626,111.009009009009
240.40962044344232,110.72153325817362
240.40962044344232,110.72153325817362
240.40962044344232,110.72153325817362
240.40962044344232,110.72153325817362
240.40962044344232,110.72153325817362
240.40962044344232,110.72153325817362
240.61103810775296,110.96114135535949
240.81207801950487,111.20030007501876
240.81207801950487,111.20030007501876
240.81207801950487,111.20030007501876
240.81207801950487,111.20030007501876
240.81207801950487,111.20030007501876
240.81207801950487,111.20030007501876
240.23863209319805,110.9966178128523
240.23863209319805,110.9966178128523
240.23863209319805,110.9966178128523
240.23863209319805,110.9966178128523
240.23863209319805,110.9966178128523
240.23863209319805,110.9966178128523
240.390243902439,111.37936210131332
240.390243902439,111.37936210131332
240.390243902439,111.37936210131332
240.390243902439,111.37936210131332
240.390243902439,111.37936210131332
240.390243902439,111.37936210131332
240.5609756097561,111.79136960600376
240.5609756097561,111.79136960600376
240.5609756097561,111.79136960600376
240.5609756097561,111.79136960600376
240.5609756097561,111.79136960600376
240.5609756097561,111.79136960600376
240.65127627627626,111.97072072072072
240.65127627627626,111.97072072072072
240.65127627627626,111.97072072072072
240.65127627627626,111.97072072072072
240.65127627627626,111.97072072072072
240.65127627627626,111.97072072072072
240.23863209319805,112.23449830890642
240.23863209319805,112.23449830890642
240.23863209319805,112.23449830890642
240.23863209319805,112.23449830890642
240.23863209319805,112.23449830890642
240.23863209319805,112.23449830890642
240.48048048048048,112.93243243243244
240.48048048048048,112.93243243243244
240.48048048048048,112.93243243243244
240.48048048048048,112.93243243243244
240.48048048048048,112.93243243243244
240.48048048048048,112.93243243243244
239.99623777276148,112.63656884875847
240.1982710016914,112.87464762262732
240.399924896733,113.11227938415321
240.399924896733,113.11227938415321
240.399924896733,113.11227938415321
240.399924896733,113.11227938415321
240.399924896733,113.11227938415321
240.34997185212987,113.39200600487897
240.5511811023622,113.62879640044994
240.5511811023622,113.62879640044994
240.5511811023622,113.62879640044994
240.5511811023622,113.62879640044994
240.5511811023622,113.62879640044994
240.5609756097561,113.98874296435272
240.5609756097561,113.98874296435272
240.5609756097561,113.98874296435272
240.5609756097561,113.98874296435272
240.5609756097561,113.98874296435272
240.5609756097561,113.98874296435272
240.0582050319189,114.07435223432219
240.46101949025487,114.54647676161919
240.46101949025487,114.54647676161919
240.46101949025487,114.54647676161919
240.46101949025487,114.54647676161919
240.46101949025487,114.54647676161919
240.3096846846847,114.71846846846847
240.3096846846847,114.71846846846847
240.3096846846847,114.71846846846847
240.3096846846847,114.71846846846847
240.3096846846847,114.71846846846847
240.3096846846847,114.71846846846847
240.5609756097561,115.0874296435272
240.5609756097561,115.0874296435272
240.5609756097561,115.0874296435272
240.5609756097561,115.0874296435272
240.5609756097561,115.0874296435272
240.5609756097561,115.0874296435272
240.18396846254927,115.08353669983104
240.0487804878049,115.22476547842402
240.0487804878049,115.22476547842402
240.0487804878049,115.22476547842402
240.0487804878049,115.22476547842402
240.0487804878049,115.22476547842402
240.5609756097561,115.77410881801126
240.5609756097561,115.77410881801126
240.5609756097561,115.77410881801126
240.5609756097561,115.77410881801126
240.5609756097561,115.77410881801126
240.5609756097561,115.77410881801126
240.38057742782152,116.09898762654669
240.38057742782152,116.09898762654669
240.38057742782152,116.09898762654669
240.38057742782152,116.09898762654669
240.38057742782152,116.09898762654669
240.38057742782152,116.09898762654669
240.38057742782152,116.09898762654669
240.3096846846847,116.50450450450451
240.3096846846847,116.50450450450451
240.3096846846847,116.50450450450451
240.3096846846847,116.50450450450451
240.3096846846847,116.50450450450451
240.3096846846847,116.50450450450451
240.21951219512195,116.87279549718573
240.21951219512195,116.87279549718573
240.21951219512195,116.87279549718573
240.21951219512195,116.87279549718573
240.21951219512195,116.87279549718573
240.21951219512195,116.87279549718573
240.3096846846847,117.32882882882883
240.3096846846847,117.32882882882883
240.3096846846847,117.32882882882883
240.3096846846847,117.32882882882883
240.3096846846847,117.32882882882883
240.3096846846847,117.32882882882883
239.95873968492123,117.65266316579145
239.95873968492123,117.65266316579145
239.95873968492123,117.65266316579145
239.95873968492123,117.65266316579145
239.95873968492123,117.65266316579145
239.95873968492123,117.65266316579145
240.12940735183795,118.3390847711928
240.12940735183795,118.3390847711928
240.12940735183795,118.3390847711928
240.12940735183795,118.3390847711928
240.12940735183795,118.3390847711928
240.12940735183795,118.3390847711928
240.20997375328085,118.70641169853768
240.20997375328085,118.70641169853768
240.20997375328085,118.70641169853768
240.20997375328085,118.70641169853768
240.20997375328085,118.70641169853768
240.20997375328085,118.70641169853768
239.9680930930931,118.15315315315316
239.9680930930931,118.15315315315316
240.3709254402398,118.6174597227426
240.3709254402398,118.6174597227426
240.3709254402398,118.6174597227426
240.3709254402398,118.6174597227426
240.3709254402398,118.6174597227426
240.4707426856714,118.88822205551388
240.4707426856714,118.88822205551388
240.4707426856714,118.88822205551388
240.4707426856714,118.88822205551388
240.4707426856714,118.88822205551388
240.4707426856714,118.88822205551388
240.14838467317807,118.92937640871526
240.14838467317807,118.92937640871526
240.14838467317807,118.92937640871526
240.14838467317807,118.92937640871526
240.14838467317807,118.92937640871526
240.14838467317807,118.92937640871526
240.390243902439,119.20750469043152
240.390243902439,119.20750469043152
240.390243902439,119.20750469043152
240.390243902439,119.20750469043152
240.390243902439,119.20750469043152
240.390243902439,119.20750469043152
240.4707426856714,119.30007501875468
240.4707426856714,119.30007501875468
240.4707426856714,119.30007501875468
240.4707426856714,119.30007501875468
240.4707426856714,119.30007501875468
240.4707426856714,119.30007501875468
240.1792081065866,119.22987427284669
240.0582050319189,119.29703342095381
240.0582050319189,119.29703342095381
240.0582050319189,119.29703342095381
240.0582050319189,119.29703342095381
240.0582050319189,119.29703342095381
240.38057742782152,119.52980877390326
240.38057742782152,119.52980877390326
240.38057742782152,119.52980877390326
240.38057742782152,119.52980877390326
240.38057742782152,119.52980877390326
240.38057742782152,119.52980877390326
240.0487804878049,119.89418386491558
240.0487804878049,119.89418386491558
240.0487804878049,119.89418386491558
240.0487804878049,119.89418386491558
240.0487804878049,119.89418386491558
240.0487804878049,119.89418386491558
240.0487804878049,119.89418386491558
240.20997375328085,120.07874015748031
240.20997375328085,120.07874015748031
240.20997375328085,120.07874015748031
240.20997375328085,120.07874015748031
240.20997375328085,120.07874015748031
240.20997375328085,120.07874015748031
240.0487804878049,119.89418386491558
239.95873968492123,119.84921230307577
239.95873968492123,119.84921230307577
239.95873968492123,119.84921230307577
239.95873968492123,119.84921230307577
239.95873968492123,119.84921230307577
240.415964024733,120.28555368184374
240.5511811023622,120.35320584926885
240.5511811023622,120.35320584926885
240.5511811023622,120.35320584926885
240.5511811023622,120.35320584926885
240.5511811023622,120.35320584926885
240.21951219512195,120.44352720450281
240.21951219512195,120.44352720450281
240.21951219512195,120.44352720450281
240.21951219512195,120.44352720450281
240.21951219512195,120.44352720450281
240.21951219512195,120.44352720450281
240.0487804878049,120.58086303939963
240.0487804878049,120.58086303939963
240.0487804878049,120.58086303939963
240.0487804878049,120.58086303939963
240.0487804878049,120.58086303939963
240.0487804878049,120.58086303939963
240.00844436104336,120.8095327453556
240.29047976011995,121.1311844077961
240.29047976011995,121.1311844077961
240.29047976011995,121.1311844077961
240.29047976011995,121.1311844077961
240.29047976011995,121.1311844077961
239.9680930930931,121.03828828828829
239.9680930930931,121.03828828828829
239.9680930930931,121.03828828828829
239.9680930930931,121.03828828828829
239.9680930930931,121.03828828828829
239.9680930930931,121.03828828828829
239.9680930930931,121.03828828828829
240.3709254402398,121.63431997002623
240.5511811023622,121.72553430821148
240.5511811023622,121.72553430821148
240.5511811023622,121.72553430821148
240.5511811023622,121.72553430821148
240.5511811023622,121.72553430821148
240.3709254402398,121.77144998126639
240.3709254402398,121.77144998126639
240.3709254402398,121.77144998126639
240.3709254402398,121.77144998126639
240.3709254402398,121.77144998126639
240.3709254402398,121.77144998126639
240.34033377086067,121.54247140446277
240.46101949025487,121.67991004497752
240.46101949025487,121.67991004497752
240.46101949025487,121.67991004497752
240.46101949025487,121.67991004497752
240.46101949025487,121.67991004497752
240.73170731707316,121.54221388367729
240.73170731707316,121.54221388367729
240.73170731707316,121.54221388367729
240.73170731707316,121.54221388367729
240.73170731707316,121.54221388367729
240.73170731707316,121.54221388367729
240.68160510031876,121.54247140446277
240.64141035258814,121.496624156039
240.64141035258814,121.496624156039
240.64141035258814,121.496624156039
240.64141035258814,121.496624156039
240.64141035258814,121.496624156039
240.8623269734381,121.72615039281706
240.8623269734381,121.72615039281706
240.8623269734381,121.72615039281706
240.8623269734381,121.72615039281706
240.8623269734381,121.72615039281706
240.8623269734381,121.72615039281706
240.54140127388536,121.36005994754589
240.54140127388536,121.36005994754589
240.54140127388536,121.36005994754589
240.54140127388536,121.36005994754589
240.54140127388536,121.36005994754589
240.54140127388536,121.36005994754589
240.38057742782152,121.17660292463442
240.38057742782152,121.17660292463442
240.38057742782152,121.17660292463442
240.38057742782152,121.17660292463442
240.38057742782152,121.17660292463442
240.38057742782152,121.17660292463442
240.38057742782152,121.17660292463442
240.38057742782152,121.17660292463442
240.38057742782152,121.17660292463442
240.38057742782152,121.17660292463442
240.38057742782152,121.17660292463442
240.38057742782152,121.17660292463442
240.38057742782152,121.17660292463442
240.38057742782152,121.17660292463442
240.38057742782152,121.17660292463442
240.38057742782152,121.17660292463442
240.38057742782152,121.17660292463442
240.38057742782152,121.17660292463442
240.38057742782152,121.17660292463442
240.38057742782152,121.17660292463442
240.38057742782152,121.17660292463442
240.38057742782152,121.17660292463442
240.38057742782152,121.17660292463442
240.38057742782152,121.17660292463442
240.38057742782152,121.17660292463442
240.38057742782152,121.17660292463442
240.38057742782152,121.17660292463442
240.38057742782152,121.17660292463442
240.38057742782152,121.17660292463442
240.38057742782152,121.17660292463442
240.38057742782152,121.17660292463442
240.38057742782152,121.17660292463442
240.38057742782152,121.17660292463442
240.46101949025487,121.1311844077961
240.46101949025487,121.1311844077961
240.46101949025487,121.1311844077961
240.46101949025487,121.1311844077961
240.46101949025487,121.26836581709145
240.46101949025487,121.26836581709145
240.46101949025487,121.26836581709145
240.46101949025487,121.26836581709145
240.46101949025487,121.26836581709145
240.46101949025487,121.26836581709145
240.29047976011995,121.1311844077961
240.29047976011995,121.1311844077961
240.29047976011995,121.1311844077961
240.29047976011995,121.1311844077961
240.29047976011995,121.1311844077961
240.29047976011995,121.1311844077961
240.2502343017807,121.08528584817245
240.46101949025487,120.99400299850075
240.3709254402398,121.08579992506557
240.3709254402398,121.08579992506557
240.3709254402398,121.08579992506557
240.3709254402398,121.08579992506557
240.3709254402398,121.08579992506557
240.6119011976048,120.94985029940119
240.6119011976048,120.94985029940119
240.6119011976048,120.94985029940119
240.6119011976048,120.94985029940119
240.6119011976048,120.94985029940119
240.6119011976048,120.94985029940119
240.21951219512195,120.99287054409005
240.21951219512195,120.99287054409005
240.21951219512195,120.99287054409005
240.21951219512195,120.99287054409005
240.21951219512195,120.99287054409005
240.21951219512195,120.99287054409005
240.24821361414067,119.88943211733735
240.24821361414067,119.88943211733735
240.24821361414067,119.88943211733735
240.24821361414067,119.88943211733735
240.24821361414067,119.88943211733735
240.24821361414067,119.88943211733735
240.7118771075309,122.04571000374672
239.74407226194955,120.9439217162213
239.50075357950263,120.66691785983421
239.50075357950263,120.66691785983421
239.50075357950263,120.66691785983421
239.50075357950263,120.66691785983421
239.40158073014678,120.66842303349642
239.5819209039548,120.48361581920904
239.5819209039548,120.48361581920904
239.5819209039548,120.48361581920904
239.5819209039548,120.48361581920904
239.5819209039548,120.48361581920904
239.64473684210526,120.39473684210526
239.64473684210526,120.39473684210526
239.9680930930931,120.21396396396396
239.9680930930931,120.21396396396396
239.9680930930931,120.21396396396396
239.9680930930931,120.21396396396396
240.00844436104336,120.26008632013512
240.0487804878049,120.306191369606
240.0487804878049,120.306191369606
240.0487804878049,120.306191369606
240.0487804878049,120.306191369606
240.0487804878049,120.306191369606
240.0487804878049,120.306191369606
240.12940735183795,120.1237809452363
240.12940735183795,120.1237809452363
240.12940735183795,120.1237809452363
240.12940735183795,120.1237809452363
240.12940735183795,120.1237809452363
240.12940735183795,120.1237809452363
240.21951219512195,120.03151969981238
240.21951219512195,120.03151969981238
240.21951219512195,120.03151969981238
240.21951219512195,120.03151969981238
240.21951219512195,120.03151969981238
240.21951219512195,120.03151969981238
240.30007501875468,120.1237809452363
240.30007501875468,120.1237809452363
240.30007501875468,120.1237809452363
240.30007501875468,120.1237809452363
240.30007501875468,120.1237809452363
240.30007501875468,120.1237809452363
240.7217847769029,119.392575928009
240.23863209319805,118.83652762119505
240.23863209319805,118.83652762119505
240.23863209319805,118.83652762119505
240.23863209319805,118.83652762119505
240.23863209319805,118.83652762119505
240.5609756097561,119.20750469043152
240.5609756097561,119.20750469043152
240.5609756097561,119.20750469043152
240.5609756097561,119.20750469043152
240.5609756097561,119.20750469043152
240.5609756097561,119.20750469043152
240.0487804878049,118.79549718574108
240.0487804878049,118.79549718574108
240.0487804878049,118.79549718574108
240.0487804878049,118.79549718574108
240.0487804878049,118.79549718574108
240.0487804878049,118.79549718574108
240.8623269734381,118.71380471380472
240.8623269734381,118.71380471380472
240.8623269734381,118.71380471380472
240.8623269734381,118.71380471380472
240.8623269734381,118.71380471380472
240.8623269734381,118.71380471380472
240.8623269734381,118.71380471380472
240.399924896733,118.06008261359369
240.399924896733,118.06008261359369
240.399924896733,118.06008261359369
240.399924896733,118.06008261359369
240.399924896733,118.06008261359369
240.26458997935822,117.99361981610058
240.22906496432594,117.51032669921142
240.22906496432594,117.51032669921142
240.22906496432594,117.51032669921142
240.22906496432594,117.51032669921142
240.22906496432594,117.51032669921142
240.22906496432594,117.51032669921142
240.97263868065966,118.11319340329835
240.40962044344232,117.46110484780158
240.40962044344232,117.46110484780158
240.40962044344232,117.46110484780158
240.40962044344232,117.46110484780158
240.40962044344232,117.46110484780158
240.31930879038316,117.0045078888054
240.31930879038316,117.0045078888054
240.31930879038316,117.0045078888054
240.31930879038316,117.0045078888054
240.31930879038316,117.0045078888054
240.31930879038316,117.0045078888054
240.13888888888889,116.64189189189189
240.13888888888889,116.64189189189189
240.13888888888889,116.64189189189189
240.13888888888889,116.64189189189189
240.13888888888889,116.64189189189189
240.13888888888889,116.64189189189189
240.54140127388536,117.1090295991008
240.7217847769029,117.19685039370079
240.7217847769029,117.19685039370079
240.7217847769029,117.19685039370079
240.7217847769029,117.19685039370079
240.7217847769029,117.19685039370079
240.30007501875468,116.41710427606901
240.30007501875468,116.41710427606901
240.30007501875468,116.41710427606901
240.30007501875468,116.41710427606901
240.30007501875468,116.41710427606901
240.30007501875468,116.41710427606901
240.30007501875468,116.41710427606901
240.54140127388536,116.56050955414013
240.54140127388536,116.56050955414013
240.54140127388536,116.56050955414013
240.54140127388536,116.56050955414013
240.54140127388536,116.56050955414013
240.54140127388536,116.56050955414013
416.515940143136,201.21665582303189
416.515940143136,201.21665582303189
416.515940143136,201.21665582303189
416.515940143136,201.21665582303189
416.515940143136,201.21665582303189
416.515940143136,201.21665582303189
416.787109375,200.87109375
416.787109375,200.87109375
416.787109375,200.87109375
416.787109375,200.87109375
416.787109375,200.87109375
416.787109375,200.87109375
416.73728813559325,199.9400260756193
416.73728813559325,199.9400260756193
416.73728813559325,199.9400260756193
416.73728813559325,199.9400260756193
416.73728813559325,199.9400260756193
416.73728813559325,199.9400260756193
417.40403383214056,199.31164606376058
417.40403383214056,199.31164606376058
417.40403383214056,199.31164606376058
417.40403383214056,199.31164606376058
417.40403383214056,199.31164606376058
417.40403383214056,199.31164606376058
240.22906496432594,114.34923019151333
240.22906496432594,114.34923019151333
240.22906496432594,114.34923019151333
240.22906496432594,114.34923019151333
240.22906496432594,114.34923019151333
240.22906496432594,114.34923019151333
240.5609756097561,113.98874296435272
240.5609756097561,113.98874296435272
240.5609756097561,113.98874296435272
240.5609756097561,113.98874296435272
240.5609756097561,113.98874296435272
240.5609756097561,113.98874296435272
240.5609756097561,113.98874296435272
240.22906496432594,112.97484040555764
240.22906496432594,112.97484040555764
240.22906496432594,112.97484040555764
240.22906496432594,112.97484040555764
240.22906496432594,112.97484040555764
240.22906496432594,112.97484040555764
240.5806087936866,113.19729425028184
240.5806087936866,113.19729425028184
240.5806087936866,113.19729425028184
240.5806087936866,113.19729425028184
240.5806087936866,113.19729425028184
240.5806087936866,113.19729425028184
240.7217847769029,112.53093363329583
240.7217847769029,112.53093363329583
240.7217847769029,112.53093363329583
240.7217847769029,112.53093363329583
240.7217847769029,112.53093363329583
240.7217847769029,112.53093363329583
240.81207801950487,111.74943735933984
240.81207801950487,111.74943735933984
240.81207801950487,111.74943735933984
240.81207801950487,111.74943735933984
240.81207801950487,111.74943735933984
240.81207801950487,111.74943735933984
240.97738740422352,111.96823023733882
241.0426806439536,111.54024709846499
240.5609756097561,110.96735459662288
240.5609756097561,110.96735459662288
240.5609756097561,110.96735459662288
240.5609756097561,110.96735459662288
240.7217847769029,111.84476940382453
240.85725004689553,111.49577940348902
240.7217847769029,111.43307086614173
240.7217847769029,111.43307086614173
240.7217847769029,111.43307086614173
240.7217847769029,111.43307086614173
241.13295880149812,111.71910112359551
241.13295880149812,111.71910112359551
241.13295880149812,111.71910112359551
241.13295880149812,111.71910112359551
241.13295880149812,111.71910112359551
241.13295880149812,111.71910112359551
241.13295880149812,111.71910112359551
240.5609756097561,111.37936210131332
240.5609756097561,111.37936210131332
240.5609756097561,111.37936210131332
240.5609756097561,111.37936210131332
240.5609756097561,111.37936210131332
240.5609756097561,111.37936210131332
240.9125046939542,111.32557266241082
240.9125046939542,111.32557266241082
240.9125046939542,111.32557266241082
240.9125046939542,111.32557266241082
240.9125046939542,111.32557266241082
240.9125046939542,111.32557266241082
240.99286786786786,111.55855855855856
240.99286786786786,111.55855855855856
240.99286786786786,111.55855855855856
240.99286786786786,111.55855855855856
240.99286786786786,111.55855855855856
240.99286786786786,111.55855855855856
241.0030052592036,111.91735537190083
241.0030052592036,111.91735537190083
241.0030052592036,111.91735537190083
241.0030052592036,111.91735537190083
241.0030052592036,111.91735537190083
241.0030052592036,111.91735537190083
240.5,111.72631578947369
240.6611570247934,111.64237415477085
240.6611570247934,111.64237415477085
240.6611570247934,111.64237415477085
240.6611570247934,111.64237415477085
240.6611570247934,111.64237415477085
241.0030052592036,111.64237415477085
241.0030052592036,111.64237415477085
241.0030052592036,111.64237415477085
241.0030052592036,111.64237415477085
241.0030052592036,111.64237415477085
241.0030052592036,111.64237415477085
241.01315789473685,111.58872180451128
241.01315789473685,111.58872180451128
241.01315789473685,111.58872180451128
241.01315789473685,111.58872180451128
241.01315789473685,111.58872180451128
241.01315789473685,111.58872180451128
241.17392937640872,111.50488354620586
241.17392937640872,111.50488354620586
241.17392937640872,111.50488354620586
241.17392937640872,111.50488354620586
241.17392937640872,111.50488354620586
241.17392937640872,111.50488354620586
241.17392937640872,111.50488354620586
241.17392937640872,111.50488354620586
241.17392937640872,111.50488354620586
241.17392937640872,111.50488354620586
241.17392937640872,111.50488354620586
241.17392937640872,111.50488354620586
241.17392937640872,111.50488354620586
241.17392937640872,111.50488354620586
241.17392937640872,111.50488354620586
241.17392937640872,111.50488354620586
241.17392937640872,111.50488354620586
241.17392937640872,111.50488354620586
241.17392937640872,111.50488354620586
241.16366366366367,111.42117117117117
241.16366366366367,111.42117117117117
241.16366366366367,111.42117117117117
241.16366366366367,111.42117117117117
241.16366366366367,111.42117117117117
241.16366366366367,111.42117117117117
240.74164476154712,111.18813368381525
240.9827456864216,111.06301575393849
240.9827456864216,111.06301575393849
240.9827456864216,111.06301575393849
240.9827456864216,111.06301575393849
240.9827456864216,111.06301575393849
241.32408102025505,111.20030007501876
241.32408102025505,111.20030007501876
241.32408102025505,111.20030007501876
241.32408102025505,111.20030007501876
241.32408102025505,111.20030007501876
241.32408102025505,111.20030007501876
240.88235294117646,111.07530910453353
240.9625468164794,111.03370786516854
240.9625468164794,111.03370786516854
240.9625468164794,111.03370786516854
240.9625468164794,111.03370786516854
240.9625468164794,111.03370786516854
241.45993619816102,111.33158191030212
241.1431784107946,111.6656671664168
241.1431784107946,111.6656671664168
241.1431784107946,111.6656671664168
241.1431784107946,111.6656671664168
241.1431784107946,111.6656671664168
240.1769578313253,110.51656626506023
243.8171235448742,111.73788959819753
243.8171235448742,111.73788959819753
243.8171235448742,111.73788959819753
243.8171235448742,111.73788959819753
243.8171235448742,111.73788959819753
243.8171235448742,111.73788959819753
245.3531390134529,109.55381165919283
245.3531390134529,109.55381165919283
245.3531390134529,109.55381165919283
245.3531390134529,109.55381165919283
245.3531390134529,109.55381165919283
245.3531390134529,109.55381165919283
245.5907726931733,109.69017254313579
245.5907726931733,109.69017254313579
245.5907726931733,109.69017254313579
245.5907726931733,109.69017254313579
245.5907726931733,109.69017254313579
245.5907726931733,109.69017254313579
245.06559220389806,108.92203898050974
245.06559220389806,108.92203898050974
245.06559220389806,108.92203898050974
245.06559220389806,108.92203898050974
245.06559220389806,108.92203898050974
245.06559220389806,108.92203898050974
244.41165483750467,109.92304818827046
244.4573136558939,109.94358303754903
244.5029895366218,109.96412556053812
244.5029895366218,109.96412556053812
244.5029895366218,109.96412556053812
244.5029895366218,109.96412556053812
243.3164223975949,111.13416009019166
243.07750188111362,110.84650112866817
243.07750188111362,110.84650112866817
243.07750188111362,110.84650112866817
243.07750188111362,110.84650112866817
243.07750188111362,110.84650112866817
242.61007462686567,110.48283582089552
242.80801491146318,110.37986952469711
243.00558659217876,110.27709497206703
243.00558659217876,110.27709497206703
243.00558659217876,110.27709497206703
243.00558659217876,110.27709497206703
242.92660208643815,110.31818181818181
242.84755870294447,110.90495713753262
242.84755870294447,110.90495713753262
242.84755870294447,110.90495713753262
242.84755870294447,110.90495713753262
242.84755870294447,110.90495713753262
241.73473210940426,111.48669913825402
242.93963254593177,110.4724409448819
242.93963254593177,110.4724409448819
242.93963254593177,110.4724409448819
242.93963254593177,110.4724409448819
242.93963254593177,110.4724409448819
242.93963254593177,110.4724409448819
242.3703981968445,110.81743050338092
242.3703981968445,110.81743050338092
242.3703981968445,110.81743050338092
242.3703981968445,110.81743050338092
242.3703981968445,110.81743050338092
242.3703981968445,110.81743050338092
242.17741935483872,112.29857464366091
242.17741935483872,112.29857464366091
242.17741935483872,112.29857464366091
242.17741935483872,112.29857464366091
242.17741935483872,112.29857464366091
242.17741935483872,112.29857464366091
242.174651075066,109.75858166729536
242.49529190207156,109.59322033898304
242.49529190207156,109.59322033898304
242.49529190207156,109.59322033898304
242.49529190207156,109.59322033898304
242.49529190207156,109.59322033898304
241.7134306023195,112.00448933782268
241.5137614678899,111.76671035386632
241.31371814092952,111.52848575712144
241.31371814092952,111.52848575712144
241.31371814092952,111.52848575712144
241.31371814092952,111.52848575712144
243.37209302325581,111.61215303825956
243.37209302325581,111.61215303825956
243.37209302325581,111.61215303825956
243.37209302325581,111.61215303825956
243.37209302325581,111.61215303825956
243.37209302325581,111.61215303825956
243.37209302325581,111.61215303825956
242.24378296910325,111.56518462697815
242.24378296910325,111.56518462697815
242.24378296910325,111.56518462697815
242.24378296910325,111.56518462697815
242.24378296910325,111.56518462697815
242.24378296910325,111.56518462697815
241.74019607843138,111.92533936651584
241.74019607843138,111.92533936651584
241.74019607843138,111.92533936651584
241.74019607843138,111.92533936651584
241.74019607843138,111.92533936651584
242.0212765957447,112.26021464884202
242.4264705882353,113.02941176470588
242.4264705882353,113.02941176470588
242.4264705882353,113.02941176470588
242.4264705882353,113.02941176470588
242.4264705882353,113.02941176470588
242.4264705882353,113.02941176470588
242.48400451637184,114.882950696274
242.48400451637184,114.882950696274
242.48400451637184,114.882950696274
242.48400451637184,114.882950696274
242.48400451637184,114.882950696274
242.48400451637184,114.882950696274
242.33509234828497,115.88390501319262
242.33509234828497,115.88390501319262
242.33509234828497,115.88390501319262
242.33509234828497,115.88390501319262
242.33509234828497,115.88390501319262
242.33509234828497,115.88390501319262
242.6438510718315,117.68710041368935
242.6438510718315,117.68710041368935
242.6438510718315,117.68710041368935
242.6438510718315,117.68710041368935
242.6438510718315,117.68710041368935
242.6438510718315,117.68710041368935
242.33509234828497,119.05691669807764
242.33509234828497,119.05691669807764
242.33509234828497,119.05691669807764
242.33509234828497,119.05691669807764
242.33509234828497,119.05691669807764
242.33509234828497,119.05691669807764
241.90090429540317,120.80482290881687
241.90090429540317,120.80482290881687
241.90090429540317,120.80482290881687
241.90090429540317,120.80482290881687
241.90090429540317,120.80482290881687
241.90090429540317,120.80482290881687
241.90090429540317,120.80482290881687
242.3815789473684,123.4218045112782
242.3815789473684,123.4218045112782
242.3815789473684,123.4218045112782
242.3815789473684,123.4218045112782
242.3815789473684,123.4218045112782
242.3815789473684,123.4218045112782
242.74661144578315,126.77710843373494
242.74661144578315,126.77710843373494
242.74661144578315,126.77710843373494
242.74661144578315,126.77710843373494
242.74661144578315,126.77710843373494
242.74661144578315,126.77710843373494
242.74661144578315,125.2612951807229
242.74661144578315,125.2612951807229
242.74661144578315,125.2612951807229
242.74661144578315,125.2612951807229
242.74661144578315,125.2612951807229
242.74661144578315,125.2612951807229
243.65839909808344,127.0890642615558
243.65839909808344,127.0890642615558
243.65839909808344,127.0890642615558
243.65839909808344,127.0890642615558
243.65839909808344,127.0890642615558
243.65839909808344,127.0890642615558
242.05041384499623,128.7471783295711
242.05041384499623,128.7471783295711
242.05041384499623,128.7471783295711
242.05041384499623,128.7471783295711
242.05041384499623,128.7471783295711
242.05041384499623,128.7471783295711
242.18843843843842,130.10585585585585
242.18843843843842,130.10585585585585
242.18843843843842,130.10585585585585
242.18843843843842,130.10585585585585
242.18843843843842,130.10585585585585
242.18843843843842,130.10585585585585
242.11950394588501,129.28974069898536
242.11950394588501,129.28974069898536
242.11950394588501,129.28974069898536
242.11950394588501,129.28974069898536
242.11950394588501,129.28974069898536
242.11950394588501,129.28974069898536
242.11950394588501,129.28974069898536
242.8255988023952,130.4011976047904
242.74616248596033,130.45001871958067
242.74616248596033,130.45001871958067
242.74616248596033,130.45001871958067
242.74616248596033,130.45001871958067
242.74616248596033,130.45001871958067
243.97560975609755,131.29305816135084
243.97560975609755,131.29305816135084
243.97560975609755,131.29305816135084
243.97560975609755,131.29305816135084
243.97560975609755,131.29305816135084
243.97560975609755,131.29305816135084
245.5121951219512,130.88105065666042
245.5121951219512,130.88105065666042
245.5121951219512,130.88105065666042
245.5121951219512,130.88105065666042
245.5121951219512,130.88105065666042
245.5121951219512,130.88105065666042
245.28947368421052,131.26466165413535
245.28947368421052,131.26466165413535
245.28947368421052,131.26466165413535
245.28947368421052,131.26466165413535
245.28947368421052,131.26466165413535
245.28947368421052,131.26466165413535
243.7867370007536,133.0783722682743
243.7867370007536,133.0783722682743
243.7867370007536,133.0783722682743
243.7867370007536,133.0783722682743
243.7867370007536,133.0783722682743
243.7867370007536,133.0783722682743
242.72368421052633,136.21804511278197
242.72368421052633,136.21804511278197
242.72368421052633,136.21804511278197
242.72368421052633,136.21804511278197
242.72368421052633,136.21804511278197
242.72368421052633,136.21804511278197
242.51875468867217,137.9707426856714
242.51875468867217,137.9707426856714
242.51875468867217,137.9707426856714
242.51875468867217,137.9707426856714
242.51875468867217,137.9707426856714
242.51875468867217,137.9707426856714
242.51875468867217,137.9707426856714
241.26059920859242,139.86206896551724
241.30606860158312,139.88842819449678
241.30606860158312,139.88842819449678
241.30606860158312,139.88842819449678
241.30606860158312,139.88842819449678
241.30606860158312,139.88842819449678
242.01764264264264,139.86036036036037
242.56395786305492,140.17607223476298
242.56395786305492,140.17607223476298
242.56395786305492,140.17607223476298
242.56395786305492,140.17607223476298
242.56395786305492,140.17607223476298
243.13368381524597,142.3867818250094
243.13368381524597,142.3867818250094
243.13368381524597,142.3867818250094
243.13368381524597,142.3867818250094
243.13368381524597,142.3867818250094
243.13368381524597,142.3867818250094
241.79902145276628,143.2593150169364
241.79902145276628,143.2593150169364
241.79902145276628,143.2593150169364
241.79902145276628,143.2593150169364
241.79902145276628,143.2593150169364
241.79902145276628,143.2593150169364
241.04370761115297,145.3519216277317
241.04370761115297,145.3519216277317
241.04370761115297,145.3519216277317
241.04370761115297,145.3519216277317
241.04370761115297,145.3519216277317
241.04370761115297,145.3519216277317
242.81496803309514,147.9691613388492
242.81496803309514,147.9691613388492
242.81496803309514,147.9691613388492
242.81496803309514,147.9691613388492
242.81496803309514,147.9691613388492
242.81496803309514,147.9691613388492
242.9512195121951,148.59737335834896
242.9512195121951,148.59737335834896
242.9512195121951,148.59737335834896
242.9512195121951,148.59737335834896
242.9512195121951,148.59737335834896
242.9512195121951,148.59737335834896
241.990171990172,147.54828954828955
243.7196715192236,150.41657334826428
243.44705443698732,150.248322147651
243.44705443698732,150.248322147651
243.44705443698732,150.248322147651
243.44705443698732,150.248322147651
243.28501963717972,150.72601458761923
241.85304117869285,150.02266717038157
241.85304117869285,150.02266717038157
241.85304117869285,150.02266717038157
241.85304117869285,150.02266717038157
241.85304117869285,150.02266717038157
241.93353474320242,150.10422960725074
242.01396753491883,150.18573046432616
242.01396753491883,150.18573046432616
242.01396753491883,150.18573046432616
242.01396753491883,150.18573046432616
242.01396753491883,150.18573046432616
242.21478408448047,150.73430133886478
240.88235294117646,150.98190045248867
240.88235294117646,150.98190045248867
240.88235294117646,150.98190045248867
240.88235294117646,150.98190045248867
240.88235294117646,150.98190045248867
240.88235294117646,150.98190045248867
241.31371814092952,152.95727136431785
241.31371814092952,152.95727136431785
241.31371814092952,152.95727136431785
241.31371814092952,152.95727136431785
241.31371814092952,152.95727136431785
241.31371814092952,152.95727136431785
242.32584269662922,152.70561797752808
242.32584269662922,152.70561797752808
242.32584269662922,152.70561797752808
242.32584269662922,152.70561797752808
242.32584269662922,152.70561797752808
242.32584269662922,152.70561797752808
241.6360052562418,152.9408672798949
240.23030072325847,155.2051770079939
240.23030072325847,155.2051770079939
240.23030072325847,155.2051770079939
240.23030072325847,155.2051770079939
240.23030072325847,155.2051770079939
242.60943396226415,153.99622641509433
242.68955111278763,154.0761976612599
242.68955111278763,154.0761976612599
242.68955111278763,154.0761976612599
242.68955111278763,154.0761976612599
242.68955111278763,154.0761976612599
243.0094161958569,154.3954802259887
241.17392937640872,152.7520661157025
241.17392937640872,152.7520661157025
241.17392937640872,152.7520661157025
241.17392937640872,152.7520661157025
241.17392937640872,152.7520661157025
241.17392937640872,152.7520661157025
243.5114791117802,154.55476100865639
243.5114791117802,154.55476100865639
243.5114791117802,154.55476100865639
243.5114791117802,154.55476100865639
243.5114791117802,154.55476100865639
243.5114791117802,154.55476100865639
248.35134128166916,156.8181818181818
246.01941747572815,154.84615384615384
246.01941747572815,154.84615384615384
246.01941747572815,154.84615384615384
246.01941747572815,154.84615384615384
246.01941747572815,154.84615384615384
246.66417072257582,155.25196555597154
245.64522197140707,156.01128668171557
245.64522197140707,156.01128668171557
245.64522197140707,156.01128668171557
245.64522197140707,156.01128668171557
245.64522197140707,156.01128668171557
245.0,154.77748592870543
245.4717334331711,155.25196555597154
245.4717334331711,155.25196555597154
245.4717334331711,155.25196555597154
245.4717334331711,155.25196555597154
245.4717334331711,155.25196555597154
244.763335837716,156.18933132982718
245.42010502625655,155.68042010502626
245.57721139430285,155.56371814092952
245.57721139430285,155.56371814092952
245.57721139430285,155.56371814092952
245.57721139430285,155.56371814092952
244.81627296587928,155.6220472440945
244.81627296587928,155.6220472440945
245.0,155.73883677298312
245.0,155.73883677298312
245.0,155.73883677298312
245.0,155.73883677298312
244.81627296587928,155.6220472440945
244.82926829268294,155.4641651031895
244.59241172051088,155.22689706987228
244.59241172051088,155.22689706987228
244.59241172051088,155.22689706987228
244.59241172051088,155.22689706987228
244.59241172051088,155.22689706987228
245.06559220389806,155.56371814092952
245.06559220389806,155.56371814092952
245.06559220389806,155.56371814092952
245.06559220389806,155.56371814092952
245.06559220389806,155.56371814092952
245.06559220389806,155.56371814092952
244.55288371219237,154.98102573736614
244.59241172051088,154.9519158527423
244.59241172051088,154.9519158527423
244.59241172051088,154.9519158527423
244.59241172051088,154.9519158527423
244.59241172051088,154.9519158527423
244.90810202550637,155.26856714178544
244.75037537537537,155.11036036036037
244.75037537537537,155.11036036036037
244.75037537537537,155.11036036036037
244.75037537537537,155.11036036036037
244.75037537537537,155.11036036036037
244.68432919954904,155.14768883878241
244.68432919954904,155.14768883878241
244.68432919954904,155.14768883878241
244.68432919954904,155.14768883878241
244.68432919954904,155.14768883878241
244.68432919954904,155.14768883878241
244.84228313931655,155.03116785580173
245.0,155.18949343339588
245.0,155.18949343339588
245.0,155.18949343339588
245.0,155.18949343339588
245.0,155.18949343339588
244.92117117117118,155.24774774774775
244.92117117117118,155.24774774774775
244.92117117117118,155.24774774774775
244.92117117117118,155.24774774774775
244.92117117117118,155.24774774774775
244.92117117117118,155.24774774774775
244.92117117117118,155.24774774774775
244.92117117117118,155.24774774774775
244.92117117117118,155.24774774774775
244.92117117117118,155.24774774774775
244.92117117117118,155.24774774774775
244.92117117117118,155.24774774774775
244.92117117117118,155.24774774774775
244.92117117117118,155.24774774774775
244.92117117117118,155.24774774774775
244.92117117117118,155.24774774774775
244.92117117117118,155.24774774774775
244.92117117117118,155.24774774774775
244.92117117117118,155.24774774774775
244.75037537537537,155.11036036036037
244.75037537537537,155.11036036036037
244.75037537537537,155.11036036036037
244.75037537537537,155.11036036036037
244.75037537537537,155.11036036036037
244.75037537537537,155.11036036036037
245.01314307172362,155.30604581299286
